Tag,x0,x1,y0,y1,z,Face
A01-01-1,0,3666.7,0,601,600,1
A01-01-2,3666.7,7333.3,0,700,600,1
A01-01-3,7333.3,11000.0,0,700,600,1
A01-01-4,11000.0,14666.7,0,700,600,1
A01-02-1,14666.7,18333.3,0,700,600,1
A01-02-2,18333.3,22000.0,0,700,600,1
A01-02-3,22000.0,25666.7,0,700,600,1
A01-02-4,25666.7,29333.3,0,700,600,1
A01-03-1,29333.3,33000.0,0,700,600,1
A01-03-2,33000.0,36666.7,0,700,600,1
A01-03-3,36666.7,40333.3,0,700,600,1
A01-03-4,40333.3,44000.0,0,700,600,1
A01-04-1,44000.0,47666.7,0,700,600,1
A01-04-2,47666.7,51333.3,0,700,600,1
A01-04-3,51333.3,55000.0,0,700,600,1
A01-04-4,55000.0,58666.7,700,1400,600,1
A01-05-1,58666.7,62333.3,700,1400,600,1
A01-05-2,62333.3,66000.0,700,1400,600,1
A01-05-3,66000.0,69666.7,700,1400,600,1
A01-05-4,69666.7,73333.3,700,1400,600,1
A01-06-1,73333.3,77000.0,700,1400,600,1
A01-06-2,77000.0,80666.7,700,1400,600,1
A01-06-3,80666.7,84333.3,700,1400,600,1
A01-06-4,84333.3,88000.0,700,1400,600,1
A01-07-1,88000.0,91666.7,700,1400,600,1
A01-07-2,91666.7,95333.3,700,1400,600,1
A01-07-3,95333.3,99000.0,700,1400,600,1
A01-07-4,99000.0,102666.7,700,1400,600,1
A01-08-1,102666.7,106333.3,700,1400,600,1
A01-08-2,106333.3,110000.0,700,1400,600,1
A01-08-3,110000.0,113666.7,1400,2100,600,1
A01-08-4,113666.7,117333.3,1400,2100,600,1
A01-09-1,117333.3,121000.0,1400,2100,600,1
A01-09-2,121000.0,124666.7,1400,2100,600,1
A01-09-3,124666.7,128333.3,1400,2100,600,1
A01-09-4,128333.3,132000.0,1400,2100,600,1
A01-10-1,132000.0,135666.7,1400,2100,600,1
A01-10-2,135666.7,139333.3,1400,2100,600,1
A01-10-3,139333.3,143000.0,1400,2100,600,1
A01-10-4,143000.0,146666.7,1400,2100,600,1
A01-11-1,146666.7,150333.3,1400,2100,600,1
A01-11-2,150333.3,154000.0,1400,2100,600,1
A01-11-3,154000.0,157666.7,1400,2100,600,1
A01-11-4,157666.7,161333.3,1400,2100,600,1
A01-12-1,161333.3,165000.0,1400,2100,600,1
A01-12-2,165000.0,168666.7,2100,2800,600,1
A01-12-3,168666.7,172333.3,2100,2800,600,1
A01-12-4,172333.3,176000.0,2100,2800,600,1
A01-13-1,176000.0,179666.7,2100,2800,600,1
A01-13-2,179666.7,183333.3,2100,2800,600,1
A01-13-3,183333.3,187000.0,2100,2800,600,1
A01-13-4,187000.0,190666.7,2100,2800,600,1
A01-14-1,190666.7,194333.3,2100,2800,600,1
A01-14-2,194333.3,198000.0,2100,2800,600,1
A01-14-3,198000.0,201666.7,2100,2800,600,1
A01-14-4,201666.7,205333.3,2100,2800,600,1
A01-15-1,205333.3,209000.0,2100,2800,600,1
A01-15-2,209000.0,212666.7,2100,2800,600,1
A01-15-3,212666.7,216333.3,2100,2800,600,1
A01-15-4,216333.3,220000.0,2100,2800,600,1
A02-01-2,0,3666.7,0,700,3000,0
A02-01-3,3666.7,7333.3,0,700,3000,0
A02-01-4,7333.3,11000.0,0,700,3000,0
A02-02-1,11000.0,14666.7,0,700,3000,0
A02-02-2,14666.7,18333.3,0,700,3000,0
A02-02-3,18333.3,22000.0,0,700,3000,0
A02-02-4,22000.0,25666.7,0,700,3000,0
A02-03-1,25666.7,29333.3,0,700,3000,0
A02-03-2,29333.3,33000.0,0,700,3000,0
A02-03-3,33000.0,36666.7,0,700,3000,0
A02-03-4,36666.7,40333.3,0,700,3000,0
A02-04-1,40333.3,44000.0,0,700,3000,0
A02-04-2,44000.0,47666.7,0,700,3000,0
A02-04-3,47666.7,51333.3,0,700,3000,0
A02-04-4,51333.3,55000.0,0,700,3000,0
A02-05-1,55000.0,58666.7,700,1400,3000,0
A02-05-2,58666.7,62333.3,700,1400,3000,0
A02-05-3,62333.3,66000.0,700,1400,3000,0
A02-05-4,66000.0,69666.7,700,1400,3000,0
A02-06-1,69666.7,73333.3,700,1400,3000,0
A02-06-2,73333.3,77000.0,700,1400,3000,0
A02-06-3,77000.0,80666.7,700,1400,3000,0
A02-06-4,80666.7,84333.3,700,1400,3000,0
A02-07-1,84333.3,88000.0,700,1400,3000,0
A02-07-2,88000.0,91666.7,700,1400,3000,0
A02-07-3,91666.7,95333.3,700,1400,3000,0
A02-07-4,95333.3,99000.0,700,1400,3000,0
A02-08-1,99000.0,102666.7,700,1400,3000,0
A02-08-2,102666.7,106333.3,700,1400,3000,0
A02-08-3,106333.3,110000.0,700,1400,3000,0
A02-08-4,110000.0,113666.7,1400,2100,3000,0
A02-09-1,113666.7,117333.3,1400,2100,3000,0
A02-09-2,117333.3,121000.0,1400,2100,3000,0
A02-09-3,121000.0,124666.7,1400,2100,3000,0
A02-09-4,124666.7,128333.3,1400,2100,3000,0
A02-10-1,128333.3,132000.0,1400,2100,3000,0
A02-10-2,132000.0,135666.7,1400,2100,3000,0
A02-10-3,135666.7,139333.3,1400,2100,3000,0
A02-10-4,139333.3,143000.0,1400,2100,3000,0
A02-11-1,143000.0,146666.7,1400,2100,3000,0
A02-11-2,146666.7,150333.3,1400,2100,3000,0
A02-11-3,150333.3,154000.0,1400,2100,3000,0
A02-11-4,154000.0,157666.7,1400,2100,3000,0
A02-12-1,157666.7,161333.3,1400,2100,3000,0
A02-12-2,161333.3,165000.0,1400,2100,3000,0
A02-12-3,165000.0,168666.7,2100,2800,3000,0
A02-12-4,168666.7,172333.3,2100,2800,3000,0
A02-13-1,172333.3,176000.0,2100,2800,3000,0
A02-13-2,176000.0,179666.7,2100,2800,3000,0
A02-13-3,179666.7,183333.3,2100,2800,3000,0
A02-13-4,183333.3,187000.0,2100,2800,3000,0
A02-14-1,187000.0,190666.7,2100,2800,3000,0
A02-14-2,190666.7,194333.3,2100,2800,3000,0
A02-14-3,194333.3,198000.0,2100,2800,3000,0
A02-14-4,198000.0,201666.7,2100,2800,3000,0
A02-15-1,201666.7,205333.3,2100,2800,3000,0
A02-15-2,205333.3,209000.0,2100,2800,3000,0
A02-15-3,209000.0,212666.7,2100,2800,3000,0
A02-15-4,212666.7,216333.3,2100,2800,3000,0
A03-01-2,216333.3,220000.0,2100,2800,3000,0
A03-01-3,0,3666.7,0,700,4880,1
A03-01-4,3666.7,7333.3,0,700,4880,1
A03-02-1,7333.3,11000.0,0,700,4880,1
A03-02-2,11000.0,14666.7,0,700,4880,1
A03-02-3,14666.7,18333.3,0,700,4880,1
A03-02-4,18333.3,22000.0,0,700,4880,1
A03-03-1,22000.0,25666.7,0,700,4880,1
A03-03-2,25666.7,29333.3,0,700,4880,1
A03-03-3,29333.3,33000.0,0,700,4880,1
A03-03-4,33000.0,36666.7,0,700,4880,1
A03-04-1,36666.7,40333.3,0,700,4880,1
A03-04-2,40333.3,44000.0,0,700,4880,1
A03-04-3,44000.0,47666.7,0,700,4880,1
A03-04-4,47666.7,51333.3,0,700,4880,1
A03-05-1,51333.3,55000.0,0,700,4880,1
A03-05-2,55000.0,58666.7,700,1400,4880,1
A03-05-3,58666.7,62333.3,700,1400,4880,1
A03-05-4,62333.3,66000.0,700,1400,4880,1
A03-06-1,66000.0,69666.7,700,1400,4880,1
A03-06-2,69666.7,73333.3,700,1400,4880,1
A03-06-3,73333.3,77000.0,700,1400,4880,1
A03-06-4,77000.0,80666.7,700,1400,4880,1
A03-07-1,80666.7,84333.3,700,1400,4880,1
A03-07-2,84333.3,88000.0,700,1400,4880,1
A03-07-3,88000.0,91666.7,700,1400,4880,1
A03-07-4,91666.7,95333.3,700,1400,4880,1
A03-08-1,95333.3,99000.0,700,1400,4880,1
A03-08-2,99000.0,102666.7,700,1400,4880,1
A03-08-3,102666.7,106333.3,700,1400,4880,1
A03-08-4,106333.3,110000.0,700,1400,4880,1
A03-09-1,110000.0,113666.7,1400,2100,4880,1
A03-09-2,113666.7,117333.3,1400,2100,4880,1
A03-09-3,117333.3,121000.0,1400,2100,4880,1
A03-09-4,121000.0,124666.7,1400,2100,4880,1
A03-10-1,124666.7,128333.3,1400,2100,4880,1
A03-10-2,128333.3,132000.0,1400,2100,4880,1
A03-10-3,132000.0,135666.7,1400,2100,4880,1
A03-10-4,135666.7,139333.3,1400,2100,4880,1
A03-11-1,139333.3,143000.0,1400,2100,4880,1
A03-11-2,143000.0,146666.7,1400,2100,4880,1
A03-11-3,146666.7,150333.3,1400,2100,4880,1
A03-11-4,150333.3,154000.0,1400,2100,4880,1
A03-12-1,154000.0,157666.7,1400,2100,4880,1
A03-12-2,157666.7,161333.3,1400,2100,4880,1
A03-12-3,161333.3,165000.0,1400,2100,4880,1
A03-12-4,165000.0,168666.7,2100,2800,4880,1
A03-13-1,168666.7,172333.3,2100,2800,4880,1
A03-13-2,172333.3,176000.0,2100,2800,4880,1
A03-13-3,176000.0,179666.7,2100,2800,4880,1
A03-13-4,179666.7,183333.3,2100,2800,4880,1
A03-14-1,183333.3,187000.0,2100,2800,4880,1
A03-14-2,187000.0,190666.7,2100,2800,4880,1
A03-14-3,190666.7,194333.3,2100,2800,4880,1
A03-14-4,194333.3,198000.0,2100,2800,4880,1
A03-15-1,198000.0,201666.7,2100,2800,4880,1
A03-15-2,201666.7,205333.3,2100,2800,4880,1
A03-15-3,205333.3,209000.0,2100,2800,4880,1
A03-15-4,209000.0,212666.7,2100,2800,4880,1
A04-01-2,212666.7,216333.3,2100,2800,4880,1
A04-01-3,216333.3,220000.0,2100,2800,4880,1
A04-01-4,0,3666.7,0,700,7300,0
A04-02-1,3666.7,7333.3,0,700,7300,0
A04-02-2,7333.3,11000.0,0,700,7300,0
A04-02-3,11000.0,14666.7,0,700,7300,0
A04-02-4,14666.7,18333.3,0,700,7300,0
A04-03-1,18333.3,22000.0,0,700,7300,0
A04-03-2,22000.0,25666.7,0,700,7300,0
A04-03-3,25666.7,29333.3,0,700,7300,0
A04-03-4,29333.3,33000.0,0,700,7300,0
A04-04-1,33000.0,36666.7,0,700,7300,0
A04-04-2,36666.7,40333.3,0,700,7300,0
A04-04-3,40333.3,44000.0,0,700,7300,0
A04-04-4,44000.0,47666.7,0,700,7300,0
A04-05-1,47666.7,51333.3,0,700,7300,0
A04-05-2,51333.3,55000.0,0,700,7300,0
A04-05-3,55000.0,58666.7,700,1400,7300,0
A04-05-4,58666.7,62333.3,700,1400,7300,0
A04-06-1,62333.3,66000.0,700,1400,7300,0
A04-06-2,66000.0,69666.7,700,1400,7300,0
A04-06-3,69666.7,73333.3,700,1400,7300,0
A04-06-4,73333.3,77000.0,700,1400,7300,0
A04-07-1,77000.0,80666.7,700,1400,7300,0
A04-07-2,80666.7,84333.3,700,1400,7300,0
A04-07-3,84333.3,88000.0,700,1400,7300,0
A04-07-4,88000.0,91666.7,700,1400,7300,0
A04-08-1,91666.7,95333.3,700,1400,7300,0
A04-08-2,95333.3,99000.0,700,1400,7300,0
A04-08-3,99000.0,102666.7,700,1400,7300,0
A04-08-4,102666.7,106333.3,700,1400,7300,0
A04-09-1,106333.3,110000.0,700,1400,7300,0
A04-09-2,110000.0,113666.7,1400,2100,7300,0
A04-09-3,113666.7,117333.3,1400,2100,7300,0
A04-09-4,117333.3,121000.0,1400,2100,7300,0
A04-10-1,121000.0,124666.7,1400,2100,7300,0
A04-10-2,124666.7,128333.3,1400,2100,7300,0
A04-10-3,128333.3,132000.0,1400,2100,7300,0
A04-10-4,132000.0,135666.7,1400,2100,7300,0
A04-11-1,135666.7,139333.3,1400,2100,7300,0
A04-11-2,139333.3,143000.0,1400,2100,7300,0
A04-11-3,143000.0,146666.7,1400,2100,7300,0
A04-11-4,146666.7,150333.3,1400,2100,7300,0
A04-12-1,150333.3,154000.0,1400,2100,7300,0
A04-12-2,154000.0,157666.7,1400,2100,7300,0
A04-12-3,157666.7,161333.3,1400,2100,7300,0
A04-12-4,161333.3,165000.0,1400,2100,7300,0
A04-13-1,165000.0,168666.7,2100,2800,7300,0
A04-13-2,168666.7,172333.3,2100,2800,7300,0
A04-13-3,172333.3,176000.0,2100,2800,7300,0
A04-13-4,176000.0,179666.7,2100,2800,7300,0
A04-14-1,179666.7,183333.3,2100,2800,7300,0
A04-14-2,183333.3,187000.0,2100,2800,7300,0
A04-14-3,187000.0,190666.7,2100,2800,7300,0
A04-14-4,190666.7,194333.3,2100,2800,7300,0
A04-15-1,194333.3,198000.0,2100,2800,7300,0
A04-15-2,198000.0,201666.7,2100,2800,7300,0
A04-15-3,201666.7,205333.3,2100,2800,7300,0
A04-15-4,205333.3,209000.0,2100,2800,7300,0
A05-01-2,209000.0,212666.7,2100,2800,7300,0
A05-01-3,212666.7,216333.3,2100,2800,7300,0
A05-01-4,216333.3,220000.0,2100,2800,7300,0
A05-02-1,0,3666.7,0,700,7300,1
A05-02-2,3666.7,7333.3,0,700,7300,1
A05-02-3,7333.3,11000.0,0,700,7300,1
A05-02-4,11000.0,14666.7,0,700,7300,1
A05-03-1,14666.7,18333.3,0,700,7300,1
A05-03-2,18333.3,22000.0,0,700,7300,1
A05-03-3,22000.0,25666.7,0,700,7300,1
A05-03-4,25666.7,29333.3,0,700,7300,1
A05-04-1,29333.3,33000.0,0,700,7300,1
A05-04-2,33000.0,36666.7,0,700,7300,1
A05-04-3,36666.7,40333.3,0,700,7300,1
A05-04-4,40333.3,44000.0,0,700,7300,1
A05-05-1,44000.0,47666.7,0,700,7300,1
A05-05-2,47666.7,51333.3,0,700,7300,1
A05-05-3,51333.3,55000.0,0,700,7300,1
A05-05-4,55000.0,58666.7,700,1400,7300,1
A05-06-1,58666.7,62333.3,700,1400,7300,1
A05-06-2,62333.3,66000.0,700,1400,7300,1
A05-06-3,66000.0,69666.7,700,1400,7300,1
A05-06-4,69666.7,73333.3,700,1400,7300,1
A05-07-1,73333.3,77000.0,700,1400,7300,1
A05-07-2,77000.0,80666.7,700,1400,7300,1
A05-07-3,80666.7,84333.3,700,1400,7300,1
A05-07-4,84333.3,88000.0,700,1400,7300,1
A05-08-1,88000.0,91666.7,700,1400,7300,1
A05-08-2,91666.7,95333.3,700,1400,7300,1
A05-08-3,95333.3,99000.0,700,1400,7300,1
A05-08-4,99000.0,102666.7,700,1400,7300,1
A05-09-1,102666.7,106333.3,700,1400,7300,1
A05-09-2,106333.3,110000.0,700,1400,7300,1
A05-09-3,110000.0,113666.7,1400,2100,7300,1
A05-09-4,113666.7,117333.3,1400,2100,7300,1
A05-10-1,117333.3,121000.0,1400,2100,7300,1
A05-10-2,121000.0,124666.7,1400,2100,7300,1
A05-10-3,124666.7,128333.3,1400,2100,7300,1
A05-10-4,128333.3,132000.0,1400,2100,7300,1
A05-11-1,132000.0,135666.7,1400,2100,7300,1
A05-11-2,135666.7,139333.3,1400,2100,7300,1
A05-11-3,139333.3,143000.0,1400,2100,7300,1
A05-11-4,143000.0,146666.7,1400,2100,7300,1
A05-12-1,146666.7,150333.3,1400,2100,7300,1
A05-12-2,150333.3,154000.0,1400,2100,7300,1
A05-12-3,154000.0,157666.7,1400,2100,7300,1
A05-12-4,157666.7,161333.3,1400,2100,7300,1
A05-13-1,161333.3,165000.0,1400,2100,7300,1
A05-13-2,165000.0,168666.7,2100,2800,7300,1
A05-13-3,168666.7,172333.3,2100,2800,7300,1
A05-13-4,172333.3,176000.0,2100,2800,7300,1
A05-14-1,176000.0,179666.7,2100,2800,7300,1
A05-14-2,179666.7,183333.3,2100,2800,7300,1
A05-14-3,183333.3,187000.0,2100,2800,7300,1
A05-14-4,187000.0,190666.7,2100,2800,7300,1
A05-15-1,190666.7,194333.3,2100,2800,7300,1
A05-15-2,194333.3,198000.0,2100,2800,7300,1
A05-15-3,198000.0,201666.7,2100,2800,7300,1
A05-15-4,201666.7,205333.3,2100,2800,7300,1
A06-01-2,205333.3,209000.0,2100,2800,7300,1
A06-01-3,209000.0,212666.7,2100,2800,7300,1
A06-01-4,212666.7,216333.3,2100,2800,7300,1
A06-02-1,216333.3,220000.0,2100,2800,7300,1
A06-02-2,0,3666.7,0,700,9720,0
A06-02-3,3666.7,7333.3,0,700,9720,0
A06-02-4,7333.3,11000.0,0,700,9720,0
A06-03-1,11000.0,14666.7,0,700,9720,0
A06-03-2,14666.7,18333.3,0,700,9720,0
A06-03-3,18333.3,22000.0,0,700,9720,0
A06-03-4,22000.0,25666.7,0,700,9720,0
A06-04-1,25666.7,29333.3,0,700,9720,0
A06-04-2,29333.3,33000.0,0,700,9720,0
A06-04-3,33000.0,36666.7,0,700,9720,0
A06-04-4,36666.7,40333.3,0,700,9720,0
A06-05-1,40333.3,44000.0,0,700,9720,0
A06-05-2,44000.0,47666.7,0,700,9720,0
A06-05-3,47666.7,51333.3,0,700,9720,0
A06-05-4,51333.3,55000.0,0,700,9720,0
A06-06-1,55000.0,58666.7,700,1400,9720,0
A06-06-2,58666.7,62333.3,700,1400,9720,0
A06-06-3,62333.3,66000.0,700,1400,9720,0
A06-06-4,66000.0,69666.7,700,1400,9720,0
A06-07-1,69666.7,73333.3,700,1400,9720,0
A06-07-2,73333.3,77000.0,700,1400,9720,0
A06-07-3,77000.0,80666.7,700,1400,9720,0
A06-07-4,80666.7,84333.3,700,1400,9720,0
A06-08-1,84333.3,88000.0,700,1400,9720,0
A06-08-2,88000.0,91666.7,700,1400,9720,0
A06-08-3,91666.7,95333.3,700,1400,9720,0
A06-08-4,95333.3,99000.0,700,1400,9720,0
A06-09-1,99000.0,102666.7,700,1400,9720,0
A06-09-2,102666.7,106333.3,700,1400,9720,0
A06-09-3,106333.3,110000.0,700,1400,9720,0
A06-09-4,110000.0,113666.7,1400,2100,9720,0
A06-10-1,113666.7,117333.3,1400,2100,9720,0
A06-10-2,117333.3,121000.0,1400,2100,9720,0
A06-10-3,121000.0,124666.7,1400,2100,9720,0
A06-10-4,124666.7,128333.3,1400,2100,9720,0
A06-11-1,128333.3,132000.0,1400,2100,9720,0
A06-11-2,132000.0,135666.7,1400,2100,9720,0
A06-11-3,135666.7,139333.3,1400,2100,9720,0
A06-11-4,139333.3,143000.0,1400,2100,9720,0
A06-12-1,143000.0,146666.7,1400,2100,9720,0
A06-12-2,146666.7,150333.3,1400,2100,9720,0
A06-12-3,150333.3,154000.0,1400,2100,9720,0
A06-12-4,154000.0,157666.7,1400,2100,9720,0
A06-13-1,157666.7,161333.3,1400,2100,9720,0
A06-13-2,161333.3,165000.0,1400,2100,9720,0
A06-13-3,165000.0,168666.7,2100,2800,9720,0
A06-13-4,168666.7,172333.3,2100,2800,9720,0
A06-14-1,172333.3,176000.0,2100,2800,9720,0
A06-14-2,176000.0,179666.7,2100,2800,9720,0
A06-14-3,179666.7,183333.3,2100,2800,9720,0
A06-14-4,183333.3,187000.0,2100,2800,9720,0
A06-15-1,187000.0,190666.7,2100,2800,9720,0
A06-15-2,190666.7,194333.3,2100,2800,9720,0
A06-15-3,194333.3,198000.0,2100,2800,9720,0
A06-15-4,198000.0,201666.7,2100,2800,9720,0
A07-01-2,201666.7,205333.3,2100,2800,9720,0
A07-01-3,205333.3,209000.0,2100,2800,9720,0
A07-01-4,209000.0,212666.7,2100,2800,9720,0
A07-02-1,212666.7,216333.3,2100,2800,9720,0
A07-02-2,216333.3,220000.0,2100,2800,9720,0
A07-02-3,0,3666.7,0,700,11600,1
A07-02-4,3666.7,7333.3,0,700,11600,1
A07-03-1,7333.3,11000.0,0,700,11600,1
A07-03-2,11000.0,14666.7,0,700,11600,1
A07-03-3,14666.7,18333.3,0,700,11600,1
A07-03-4,18333.3,22000.0,0,700,11600,1
A07-04-1,22000.0,25666.7,0,700,11600,1
A07-04-2,25666.7,29333.3,0,700,11600,1
A07-04-3,29333.3,33000.0,0,700,11600,1
A07-04-4,33000.0,36666.7,0,700,11600,1
A07-05-1,36666.7,40333.3,0,700,11600,1
A07-05-2,40333.3,44000.0,0,700,11600,1
A07-05-3,44000.0,47666.7,0,700,11600,1
A07-05-4,47666.7,51333.3,0,700,11600,1
A07-06-1,51333.3,55000.0,0,700,11600,1
A07-06-2,55000.0,58666.7,700,1400,11600,1
A07-06-3,58666.7,62333.3,700,1400,11600,1
A07-06-4,62333.3,66000.0,700,1400,11600,1
A07-07-1,66000.0,69666.7,700,1400,11600,1
A07-07-2,69666.7,73333.3,700,1400,11600,1
A07-07-3,73333.3,77000.0,700,1400,11600,1
A07-07-4,77000.0,80666.7,700,1400,11600,1
A07-08-1,80666.7,84333.3,700,1400,11600,1
A07-08-2,84333.3,88000.0,700,1400,11600,1
A07-08-3,88000.0,91666.7,700,1400,11600,1
A07-08-4,91666.7,95333.3,700,1400,11600,1
A07-09-1,95333.3,99000.0,700,1400,11600,1
A07-09-2,99000.0,102666.7,700,1400,11600,1
A07-09-3,102666.7,106333.3,700,1400,11600,1
A07-09-4,106333.3,110000.0,700,1400,11600,1
A07-10-1,110000.0,113666.7,1400,2100,11600,1
A07-10-2,113666.7,117333.3,1400,2100,11600,1
A07-10-3,117333.3,121000.0,1400,2100,11600,1
A07-10-4,121000.0,124666.7,1400,2100,11600,1
A07-11-1,124666.7,128333.3,1400,2100,11600,1
A07-11-2,128333.3,132000.0,1400,2100,11600,1
A07-11-3,132000.0,135666.7,1400,2100,11600,1
A07-11-4,135666.7,139333.3,1400,2100,11600,1
A07-12-1,139333.3,143000.0,1400,2100,11600,1
A07-12-2,143000.0,146666.7,1400,2100,11600,1
A07-12-3,146666.7,150333.3,1400,2100,11600,1
A07-12-4,150333.3,154000.0,1400,2100,11600,1
A07-13-1,154000.0,157666.7,1400,2100,11600,1
A07-13-2,157666.7,161333.3,1400,2100,11600,1
A07-13-3,161333.3,165000.0,1400,2100,11600,1
A07-13-4,165000.0,168666.7,2100,2800,11600,1
A07-14-1,168666.7,172333.3,2100,2800,11600,1
A07-14-2,172333.3,176000.0,2100,2800,11600,1
A07-14-3,176000.0,179666.7,2100,2800,11600,1
A07-14-4,179666.7,183333.3,2100,2800,11600,1
A07-15-1,183333.3,187000.0,2100,2800,11600,1
A07-15-2,187000.0,190666.7,2100,2800,11600,1
A07-15-3,190666.7,194333.3,2100,2800,11600,1
A07-15-4,194333.3,198000.0,2100,2800,11600,1
A08-01-2,198000.0,201666.7,2100,2800,11600,1
A08-01-3,201666.7,205333.3,2100,2800,11600,1
A08-01-4,205333.3,209000.0,2100,2800,11600,1
A08-02-1,209000.0,212666.7,2100,2800,11600,1
A08-02-2,212666.7,216333.3,2100,2800,11600,1
A08-02-3,216333.3,220000.0,2100,2800,11600,1
A08-02-4,0,3666.7,0,700,14000,0
A08-03-1,3666.7,7333.3,0,700,14000,0
A08-03-2,7333.3,11000.0,0,700,14000,0
A08-03-3,11000.0,14666.7,0,700,14000,0
A08-03-4,14666.7,18333.3,0,700,14000,0
A08-04-1,18333.3,22000.0,0,700,14000,0
A08-04-2,22000.0,25666.7,0,700,14000,0
A08-04-3,25666.7,29333.3,0,700,14000,0
A08-04-4,29333.3,33000.0,0,700,14000,0
A08-05-1,33000.0,36666.7,0,700,14000,0
A08-05-2,36666.7,40333.3,0,700,14000,0
A08-05-3,40333.3,44000.0,0,700,14000,0
A08-05-4,44000.0,47666.7,0,700,14000,0
A08-06-1,47666.7,51333.3,0,700,14000,0
A08-06-2,51333.3,55000.0,0,700,14000,0
A08-06-3,55000.0,58666.7,700,1400,14000,0
A08-06-4,58666.7,62333.3,700,1400,14000,0
A08-07-1,62333.3,66000.0,700,1400,14000,0
A08-07-2,66000.0,69666.7,700,1400,14000,0
A08-07-3,69666.7,73333.3,700,1400,14000,0
A08-07-4,73333.3,77000.0,700,1400,14000,0
A08-08-1,77000.0,80666.7,700,1400,14000,0
A08-08-2,80666.7,84333.3,700,1400,14000,0
A08-08-3,84333.3,88000.0,700,1400,14000,0
A08-08-4,88000.0,91666.7,700,1400,14000,0
A08-09-1,91666.7,95333.3,700,1400,14000,0
A08-09-2,95333.3,99000.0,700,1400,14000,0
A08-09-3,99000.0,102666.7,700,1400,14000,0
A08-09-4,102666.7,106333.3,700,1400,14000,0
A08-10-1,106333.3,110000.0,700,1400,14000,0
A08-10-2,110000.0,113666.7,1400,2100,14000,0
A08-10-3,113666.7,117333.3,1400,2100,14000,0
A08-10-4,117333.3,121000.0,1400,2100,14000,0
A08-11-1,121000.0,124666.7,1400,2100,14000,0
A08-11-2,124666.7,128333.3,1400,2100,14000,0
A08-11-3,128333.3,132000.0,1400,2100,14000,0
A08-11-4,132000.0,135666.7,1400,2100,14000,0
A08-12-1,135666.7,139333.3,1400,2100,14000,0
A08-12-2,139333.3,143000.0,1400,2100,14000,0
A08-12-3,143000.0,146666.7,1400,2100,14000,0
A08-12-4,146666.7,150333.3,1400,2100,14000,0
A08-13-1,150333.3,154000.0,1400,2100,14000,0
A08-13-2,154000.0,157666.7,1400,2100,14000,0
A08-13-3,157666.7,161333.3,1400,2100,14000,0
A08-13-4,161333.3,165000.0,1400,2100,14000,0
A08-14-1,165000.0,168666.7,2100,2800,14000,0
A08-14-2,168666.7,172333.3,2100,2800,14000,0
A08-14-3,172333.3,176000.0,2100,2800,14000,0
A08-14-4,176000.0,179666.7,2100,2800,14000,0
A08-15-1,179666.7,183333.3,2100,2800,14000,0
A08-15-2,183333.3,187000.0,2100,2800,14000,0
A08-15-3,187000.0,190666.7,2100,2800,14000,0
A08-15-4,190666.7,194333.3,2100,2800,14000,0
A09-01-2,194333.3,198000.0,2100,2800,14000,0
A09-01-3,198000.0,201666.7,2100,2800,14000,0
A09-01-4,201666.7,205333.3,2100,2800,14000,0
A09-02-1,205333.3,209000.0,2100,2800,14000,0
A09-02-2,209000.0,212666.7,2100,2800,14000,0
A09-02-3,212666.7,216333.3,2100,2800,14000,0
A09-02-4,216333.3,220000.0,2100,2800,14000,0
A09-03-1,0,3666.7,0,700,15880,1
A09-03-2,3666.7,7333.3,0,700,15880,1
A09-03-3,7333.3,11000.0,0,700,15880,1
A09-03-4,11000.0,14666.7,0,700,15880,1
A09-04-1,14666.7,18333.3,0,700,15880,1
A09-04-2,18333.3,22000.0,0,700,15880,1
A09-04-3,22000.0,25666.7,0,700,15880,1
A09-04-4,25666.7,29333.3,0,700,15880,1
A09-05-1,29333.3,33000.0,0,700,15880,1
A09-05-2,33000.0,36666.7,0,700,15880,1
A09-05-3,36666.7,40333.3,0,700,15880,1
A09-05-4,40333.3,44000.0,0,700,15880,1
A09-06-1,44000.0,47666.7,0,700,15880,1
A09-06-2,47666.7,51333.3,0,700,15880,1
A09-06-3,51333.3,55000.0,0,700,15880,1
A09-06-4,55000.0,58666.7,700,1400,15880,1
A09-07-1,58666.7,62333.3,700,1400,15880,1
A09-07-2,62333.3,66000.0,700,1400,15880,1
A09-07-3,66000.0,69666.7,700,1400,15880,1
A09-07-4,69666.7,73333.3,700,1400,15880,1
A09-08-1,73333.3,77000.0,700,1400,15880,1
A09-08-2,77000.0,80666.7,700,1400,15880,1
A09-08-3,80666.7,84333.3,700,1400,15880,1
A09-08-4,84333.3,88000.0,700,1400,15880,1
A09-09-1,88000.0,91666.7,700,1400,15880,1
A09-09-2,91666.7,95333.3,700,1400,15880,1
A09-09-3,95333.3,99000.0,700,1400,15880,1
A09-09-4,99000.0,102666.7,700,1400,15880,1
A09-10-1,102666.7,106333.3,700,1400,15880,1
A09-10-2,106333.3,110000.0,700,1400,15880,1
A09-10-3,110000.0,113666.7,1400,2100,15880,1
A09-10-4,113666.7,117333.3,1400,2100,15880,1
A09-11-1,117333.3,121000.0,1400,2100,15880,1
A09-11-2,121000.0,124666.7,1400,2100,15880,1
A09-11-3,124666.7,128333.3,1400,2100,15880,1
A09-11-4,128333.3,132000.0,1400,2100,15880,1
A09-12-1,132000.0,135666.7,1400,2100,15880,1
A09-12-2,135666.7,139333.3,1400,2100,15880,1
A09-12-3,139333.3,143000.0,1400,2100,15880,1
A09-12-4,143000.0,146666.7,1400,2100,15880,1
A09-13-1,146666.7,150333.3,1400,2100,15880,1
A09-13-2,150333.3,154000.0,1400,2100,15880,1
A09-13-3,154000.0,157666.7,1400,2100,15880,1
A09-13-4,157666.7,161333.3,1400,2100,15880,1
A09-14-1,161333.3,165000.0,1400,2100,15880,1
A09-14-2,165000.0,168666.7,2100,2800,15880,1
A09-14-3,168666.7,172333.3,2100,2800,15880,1
A09-14-4,172333.3,176000.0,2100,2800,15880,1
A09-15-1,176000.0,179666.7,2100,2800,15880,1
A09-15-2,179666.7,183333.3,2100,2800,15880,1
A09-15-3,183333.3,187000.0,2100,2800,15880,1
A09-15-4,187000.0,190666.7,2100,2800,15880,1
A10-01-2,190666.7,194333.3,2100,2800,15880,1
A10-01-3,194333.3,198000.0,2100,2800,15880,1
A10-01-4,198000.0,201666.7,2100,2800,15880,1
A10-02-1,201666.7,205333.3,2100,2800,15880,1
A10-02-2,205333.3,209000.0,2100,2800,15880,1
A10-02-3,209000.0,212666.7,2100,2800,15880,1
A10-02-4,212666.7,216333.3,2100,2800,15880,1
A10-03-1,216333.3,220000.0,2100,2800,15880,1
A10-03-2,0,3666.7,0,700,18800,0
A10-03-3,3666.7,7333.3,0,700,18800,0
A10-03-4,7333.3,11000.0,0,700,18800,0
A10-04-1,11000.0,14666.7,0,700,18800,0
A10-04-2,14666.7,18333.3,0,700,18800,0
A10-04-3,18333.3,22000.0,0,700,18800,0
A10-04-4,22000.0,25666.7,0,700,18800,0
A10-05-1,25666.7,29333.3,0,700,18800,0
A10-05-2,29333.3,33000.0,0,700,18800,0
A10-05-3,33000.0,36666.7,0,700,18800,0
A10-05-4,36666.7,40333.3,0,700,18800,0
A10-06-1,40333.3,44000.0,0,700,18800,0
A10-06-2,44000.0,47666.7,0,700,18800,0
A10-06-3,47666.7,51333.3,0,700,18800,0
A10-06-4,51333.3,55000.0,0,700,18800,0
A10-07-1,55000.0,58666.7,700,1400,18800,0
A10-07-2,58666.7,62333.3,700,1400,18800,0
A10-07-3,62333.3,66000.0,700,1400,18800,0
A10-07-4,66000.0,69666.7,700,1400,18800,0
A10-08-1,69666.7,73333.3,700,1400,18800,0
A10-08-2,73333.3,77000.0,700,1400,18800,0
A10-08-3,77000.0,80666.7,700,1400,18800,0
A10-08-4,80666.7,84333.3,700,1400,18800,0
A10-09-1,84333.3,88000.0,700,1400,18800,0
A10-09-2,88000.0,91666.7,700,1400,18800,0
A10-09-3,91666.7,95333.3,700,1400,18800,0
A10-09-4,95333.3,99000.0,700,1400,18800,0
A10-10-1,99000.0,102666.7,700,1400,18800,0
A10-10-2,102666.7,106333.3,700,1400,18800,0
A10-10-3,106333.3,110000.0,700,1400,18800,0
A10-10-4,110000.0,113666.7,1400,2100,18800,0
A10-11-1,113666.7,117333.3,1400,2100,18800,0
A10-11-2,117333.3,121000.0,1400,2100,18800,0
A10-11-3,121000.0,124666.7,1400,2100,18800,0
A10-11-4,124666.7,128333.3,1400,2100,18800,0
A10-12-1,128333.3,132000.0,1400,2100,18800,0
A10-12-2,132000.0,135666.7,1400,2100,18800,0
A10-12-3,135666.7,139333.3,1400,2100,18800,0
A10-12-4,139333.3,143000.0,1400,2100,18800,0
A10-13-1,143000.0,146666.7,1400,2100,18800,0
A10-13-2,146666.7,150333.3,1400,2100,18800,0
A10-13-3,150333.3,154000.0,1400,2100,18800,0
A10-13-4,154000.0,157666.7,1400,2100,18800,0
A10-14-1,157666.7,161333.3,1400,2100,18800,0
A10-14-2,161333.3,165000.0,1400,2100,18800,0
A10-14-3,165000.0,168666.7,2100,2800,18800,0
A10-14-4,168666.7,172333.3,2100,2800,18800,0
A10-15-1,172333.3,176000.0,2100,2800,18800,0
A10-15-2,176000.0,179666.7,2100,2800,18800,0
A10-15-3,179666.7,183333.3,2100,2800,18800,0
A10-15-4,183333.3,187000.0,2100,2800,18800,0
A11-01-2,187000.0,190666.7,2100,2800,18800,0
A11-01-3,190666.7,194333.3,2100,2800,18800,0
A11-01-4,194333.3,198000.0,2100,2800,18800,0
A11-02-1,198000.0,201666.7,2100,2800,18800,0
A11-02-2,201666.7,205333.3,2100,2800,18800,0
A11-02-3,205333.3,209000.0,2100,2800,18800,0
A11-02-4,209000.0,212666.7,2100,2800,18800,0
A11-03-1,212666.7,216333.3,2100,2800,18800,0
A11-03-2,216333.3,220000.0,2100,2800,18800,0
A11-03-3,0,3666.7,0,700,20680,1
A11-03-4,3666.7,7333.3,0,700,20680,1
A11-04-1,7333.3,11000.0,0,700,20680,1
A11-04-2,11000.0,14666.7,0,700,20680,1
A11-04-3,14666.7,18333.3,0,700,20680,1
A11-04-4,18333.3,22000.0,0,700,20680,1
A11-05-1,22000.0,25666.7,0,700,20680,1
A11-05-2,25666.7,29333.3,0,700,20680,1
A11-05-3,29333.3,33000.0,0,700,20680,1
A11-05-4,33000.0,36666.7,0,700,20680,1
A11-06-1,36666.7,40333.3,0,700,20680,1
A11-06-2,40333.3,44000.0,0,700,20680,1
A11-06-3,44000.0,47666.7,0,700,20680,1
A11-06-4,47666.7,51333.3,0,700,20680,1
A11-07-1,51333.3,55000.0,0,700,20680,1
A11-07-2,55000.0,58666.7,700,1400,20680,1
A11-07-3,58666.7,62333.3,700,1400,20680,1
A11-07-4,62333.3,66000.0,700,1400,20680,1
A11-08-1,66000.0,69666.7,700,1400,20680,1
A11-08-2,69666.7,73333.3,700,1400,20680,1
A11-08-3,73333.3,77000.0,700,1400,20680,1
A11-08-4,77000.0,80666.7,700,1400,20680,1
A11-09-1,80666.7,84333.3,700,1400,20680,1
A11-09-2,84333.3,88000.0,700,1400,20680,1
A11-09-3,88000.0,91666.7,700,1400,20680,1
A11-09-4,91666.7,95333.3,700,1400,20680,1
A11-10-1,95333.3,99000.0,700,1400,20680,1
A11-10-2,99000.0,102666.7,700,1400,20680,1
A11-10-3,102666.7,106333.3,700,1400,20680,1
A11-10-4,106333.3,110000.0,700,1400,20680,1
A11-11-1,110000.0,113666.7,1400,2100,20680,1
A11-11-2,113666.7,117333.3,1400,2100,20680,1
A11-11-3,117333.3,121000.0,1400,2100,20680,1
A11-11-4,121000.0,124666.7,1400,2100,20680,1
A11-12-1,124666.7,128333.3,1400,2100,20680,1
A11-12-2,128333.3,132000.0,1400,2100,20680,1
A11-12-3,132000.0,135666.7,1400,2100,20680,1
A11-12-4,135666.7,139333.3,1400,2100,20680,1
A11-13-1,139333.3,143000.0,1400,2100,20680,1
A11-13-2,143000.0,146666.7,1400,2100,20680,1
A11-13-3,146666.7,150333.3,1400,2100,20680,1
A11-13-4,150333.3,154000.0,1400,2100,20680,1
A11-14-1,154000.0,157666.7,1400,2100,20680,1
A11-14-2,157666.7,161333.3,1400,2100,20680,1
A11-14-3,161333.3,165000.0,1400,2100,20680,1
A11-14-4,165000.0,168666.7,2100,2800,20680,1
A11-15-1,168666.7,172333.3,2100,2800,20680,1
A11-15-2,172333.3,176000.0,2100,2800,20680,1
A11-15-3,176000.0,179666.7,2100,2800,20680,1
A11-15-4,179666.7,183333.3,2100,2800,20680,1
A12-01-2,183333.3,187000.0,2100,2800,20680,1
A12-01-3,187000.0,190666.7,2100,2800,20680,1
A12-01-4,190666.7,194333.3,2100,2800,20680,1
A12-02-1,194333.3,198000.0,2100,2800,20680,1
A12-02-2,198000.0,201666.7,2100,2800,20680,1
A12-02-3,201666.7,205333.3,2100,2800,20680,1
A12-02-4,205333.3,209000.0,2100,2800,20680,1
A12-03-1,209000.0,212666.7,2100,2800,20680,1
A12-03-2,212666.7,216333.3,2100,2800,20680,1
A12-03-3,216333.3,220000.0,2100,2800,20680,1
A12-03-4,0,3666.7,0,700,23080,0
A12-04-1,3666.7,7333.3,0,700,23080,0
A12-04-2,7333.3,11000.0,0,700,23080,0
A12-04-3,11000.0,14666.7,0,700,23080,0
A12-04-4,14666.7,18333.3,0,700,23080,0
A12-05-1,18333.3,22000.0,0,700,23080,0
A12-05-2,22000.0,25666.7,0,700,23080,0
A12-05-3,25666.7,29333.3,0,700,23080,0
A12-05-4,29333.3,33000.0,0,700,23080,0
A12-06-1,33000.0,36666.7,0,700,23080,0
A12-06-2,36666.7,40333.3,0,700,23080,0
A12-06-3,40333.3,44000.0,0,700,23080,0
A12-06-4,44000.0,47666.7,0,700,23080,0
A12-07-1,47666.7,51333.3,0,700,23080,0
A12-07-2,51333.3,55000.0,0,700,23080,0
A12-07-3,55000.0,58666.7,700,1400,23080,0
A12-07-4,58666.7,62333.3,700,1400,23080,0
A12-08-1,62333.3,66000.0,700,1400,23080,0
A12-08-2,66000.0,69666.7,700,1400,23080,0
A12-08-3,69666.7,73333.3,700,1400,23080,0
A12-08-4,73333.3,77000.0,700,1400,23080,0
A12-09-1,77000.0,80666.7,700,1400,23080,0
A12-09-2,80666.7,84333.3,700,1400,23080,0
A12-09-3,84333.3,88000.0,700,1400,23080,0
A12-09-4,88000.0,91666.7,700,1400,23080,0
A12-10-1,91666.7,95333.3,700,1400,23080,0
A12-10-2,95333.3,99000.0,700,1400,23080,0
A12-10-3,99000.0,102666.7,700,1400,23080,0
A12-10-4,102666.7,106333.3,700,1400,23080,0
A12-11-1,106333.3,110000.0,700,1400,23080,0
A12-11-2,110000.0,113666.7,1400,2100,23080,0
A12-11-3,113666.7,117333.3,1400,2100,23080,0
A12-11-4,117333.3,121000.0,1400,2100,23080,0
A12-12-1,121000.0,124666.7,1400,2100,23080,0
A12-12-2,124666.7,128333.3,1400,2100,23080,0
A12-12-3,128333.3,132000.0,1400,2100,23080,0
A12-12-4,132000.0,135666.7,1400,2100,23080,0
A12-13-1,135666.7,139333.3,1400,2100,23080,0
A12-13-2,139333.3,143000.0,1400,2100,23080,0
A12-13-3,143000.0,146666.7,1400,2100,23080,0
A12-13-4,146666.7,150333.3,1400,2100,23080,0
A12-14-1,150333.3,154000.0,1400,2100,23080,0
A12-14-2,154000.0,157666.7,1400,2100,23080,0
A12-14-3,157666.7,161333.3,1400,2100,23080,0
A12-14-4,161333.3,165000.0,1400,2100,23080,0
A12-15-1,165000.0,168666.7,2100,2800,23080,0
A12-15-2,168666.7,172333.3,2100,2800,23080,0
A12-15-3,172333.3,176000.0,2100,2800,23080,0
A12-15-4,176000.0,179666.7,2100,2800,23080,0
A13-01-2,179666.7,183333.3,2100,2800,23080,0
A13-01-3,183333.3,187000.0,2100,2800,23080,0
A13-01-4,187000.0,190666.7,2100,2800,23080,0
A13-02-1,190666.7,194333.3,2100,2800,23080,0
A13-02-2,194333.3,198000.0,2100,2800,23080,0
A13-02-3,198000.0,201666.7,2100,2800,23080,0
A13-02-4,201666.7,205333.3,2100,2800,23080,0
A13-03-1,205333.3,209000.0,2100,2800,23080,0
A13-03-2,209000.0,212666.7,2100,2800,23080,0
A13-03-3,212666.7,216333.3,2100,2800,23080,0
A13-03-4,216333.3,220000.0,2100,2800,23080,0
A13-04-1,0,3666.7,0,700,24960,1
A13-04-2,3666.7,7333.3,0,700,24960,1
A13-04-3,7333.3,11000.0,0,700,24960,1
A13-04-4,11000.0,14666.7,0,700,24960,1
A13-05-1,14666.7,18333.3,0,700,24960,1
A13-05-2,18333.3,22000.0,0,700,24960,1
A13-05-3,22000.0,25666.7,0,700,24960,1
A13-05-4,25666.7,29333.3,0,700,24960,1
A13-06-1,29333.3,33000.0,0,700,24960,1
A13-06-2,33000.0,36666.7,0,700,24960,1
A13-06-3,36666.7,40333.3,0,700,24960,1
A13-06-4,40333.3,44000.0,0,700,24960,1
A13-07-1,44000.0,47666.7,0,700,24960,1
A13-07-2,47666.7,51333.3,0,700,24960,1
A13-07-3,51333.3,55000.0,0,700,24960,1
A13-07-4,55000.0,58666.7,700,1400,24960,1
A13-08-1,58666.7,62333.3,700,1400,24960,1
A13-08-2,62333.3,66000.0,700,1400,24960,1
A13-08-3,66000.0,69666.7,700,1400,24960,1
A13-08-4,69666.7,73333.3,700,1400,24960,1
A13-09-1,73333.3,77000.0,700,1400,24960,1
A13-09-2,77000.0,80666.7,700,1400,24960,1
A13-09-3,80666.7,84333.3,700,1400,24960,1
A13-09-4,84333.3,88000.0,700,1400,24960,1
A13-10-1,88000.0,91666.7,700,1400,24960,1
A13-10-2,91666.7,95333.3,700,1400,24960,1
A13-10-3,95333.3,99000.0,700,1400,24960,1
A13-10-4,99000.0,102666.7,700,1400,24960,1
A13-11-1,102666.7,106333.3,700,1400,24960,1
A13-11-2,106333.3,110000.0,700,1400,24960,1
A13-11-3,110000.0,113666.7,1400,2100,24960,1
A13-11-4,113666.7,117333.3,1400,2100,24960,1
A13-12-1,117333.3,121000.0,1400,2100,24960,1
A13-12-2,121000.0,124666.7,1400,2100,24960,1
A13-12-3,124666.7,128333.3,1400,2100,24960,1
A13-12-4,128333.3,132000.0,1400,2100,24960,1
A13-13-1,132000.0,135666.7,1400,2100,24960,1
A13-13-2,135666.7,139333.3,1400,2100,24960,1
A13-13-3,139333.3,143000.0,1400,2100,24960,1
A13-13-4,143000.0,146666.7,1400,2100,24960,1
A13-14-1,146666.7,150333.3,1400,2100,24960,1
A13-14-2,150333.3,154000.0,1400,2100,24960,1
A13-14-3,154000.0,157666.7,1400,2100,24960,1
A13-14-4,157666.7,161333.3,1400,2100,24960,1
A13-15-1,161333.3,165000.0,1400,2100,24960,1
A13-15-2,165000.0,168666.7,2100,2800,24960,1
A13-15-3,168666.7,172333.3,2100,2800,24960,1
A13-15-4,172333.3,176000.0,2100,2800,24960,1
A14-01-2,176000.0,179666.7,2100,2800,24960,1
A14-01-3,179666.7,183333.3,2100,2800,24960,1
A14-01-4,183333.3,187000.0,2100,2800,24960,1
A14-02-1,187000.0,190666.7,2100,2800,24960,1
A14-02-2,190666.7,194333.3,2100,2800,24960,1
A14-02-3,194333.3,198000.0,2100,2800,24960,1
A14-02-4,198000.0,201666.7,2100,2800,24960,1
A14-03-1,201666.7,205333.3,2100,2800,24960,1
A14-03-2,205333.3,209000.0,2100,2800,24960,1
A14-03-3,209000.0,212666.7,2100,2800,24960,1
A14-03-4,212666.7,216333.3,2100,2800,24960,1
A14-04-1,216333.3,220000.0,2100,2800,24960,1
A14-04-2,0,3666.7,0,700,27380,0
A14-04-3,3666.7,7333.3,0,700,27380,0
A14-04-4,7333.3,11000.0,0,700,27380,0
A14-05-1,11000.0,14666.7,0,700,27380,0
A14-05-2,14666.7,18333.3,0,700,27380,0
A14-05-3,18333.3,22000.0,0,700,27380,0
A14-05-4,22000.0,25666.7,0,700,27380,0
A14-06-1,25666.7,29333.3,0,700,27380,0
A14-06-2,29333.3,33000.0,0,700,27380,0
A14-06-3,33000.0,36666.7,0,700,27380,0
A14-06-4,36666.7,40333.3,0,700,27380,0
A14-07-1,40333.3,44000.0,0,700,27380,0
A14-07-2,44000.0,47666.7,0,700,27380,0
A14-07-3,47666.7,51333.3,0,700,27380,0
A14-07-4,51333.3,55000.0,0,700,27380,0
A14-08-1,55000.0,58666.7,700,1400,27380,0
A14-08-2,58666.7,62333.3,700,1400,27380,0
A14-08-3,62333.3,66000.0,700,1400,27380,0
A14-08-4,66000.0,69666.7,700,1400,27380,0
A14-09-1,69666.7,73333.3,700,1400,27380,0
A14-09-2,73333.3,77000.0,700,1400,27380,0
A14-09-3,77000.0,80666.7,700,1400,27380,0
A14-09-4,80666.7,84333.3,700,1400,27380,0
A14-10-1,84333.3,88000.0,700,1400,27380,0
A14-10-2,88000.0,91666.7,700,1400,27380,0
A14-10-3,91666.7,95333.3,700,1400,27380,0
A14-10-4,95333.3,99000.0,700,1400,27380,0
A14-11-1,99000.0,102666.7,700,1400,27380,0
A14-11-2,102666.7,106333.3,700,1400,27380,0
A14-11-3,106333.3,110000.0,700,1400,27380,0
A14-11-4,110000.0,113666.7,1400,2100,27380,0
A14-12-1,113666.7,117333.3,1400,2100,27380,0
A14-12-2,117333.3,121000.0,1400,2100,27380,0
A14-12-3,121000.0,124666.7,1400,2100,27380,0
A14-12-4,124666.7,128333.3,1400,2100,27380,0
A14-13-1,128333.3,132000.0,1400,2100,27380,0
A14-13-2,132000.0,135666.7,1400,2100,27380,0
A14-13-3,135666.7,139333.3,1400,2100,27380,0
A14-13-4,139333.3,143000.0,1400,2100,27380,0
A14-14-1,143000.0,146666.7,1400,2100,27380,0
A14-14-2,146666.7,150333.3,1400,2100,27380,0
A14-14-3,150333.3,154000.0,1400,2100,27380,0
A14-14-4,154000.0,157666.7,1400,2100,27380,0
A14-15-1,157666.7,161333.3,1400,2100,27380,0
A14-15-2,161333.3,165000.0,1400,2100,27380,0
A14-15-3,165000.0,168666.7,2100,2800,27380,0
A14-15-4,168666.7,172333.3,2100,2800,27380,0
A15-01-2,172333.3,176000.0,2100,2800,27380,0
A15-01-3,176000.0,179666.7,2100,2800,27380,0
A15-01-4,179666.7,183333.3,2100,2800,27380,0
A15-02-1,183333.3,187000.0,2100,2800,27380,0
A15-02-2,187000.0,190666.7,2100,2800,27380,0
A15-02-3,190666.7,194333.3,2100,2800,27380,0
A15-02-4,194333.3,198000.0,2100,2800,27380,0
A15-03-1,198000.0,201666.7,2100,2800,27380,0
A15-03-2,201666.7,205333.3,2100,2800,27380,0
A15-03-3,205333.3,209000.0,2100,2800,27380,0
A15-03-4,209000.0,212666.7,2100,2800,27380,0
A15-04-1,212666.7,216333.3,2100,2800,27380,0
A15-04-2,216333.3,220000.0,2100,2800,27380,0
A15-04-3,0,3666.7,0,700,27380,1
A15-04-4,3666.7,7333.3,0,700,27380,1
A15-05-1,7333.3,11000.0,0,700,27380,1
A15-05-2,11000.0,14666.7,0,700,27380,1
A15-05-3,14666.7,18333.3,0,700,27380,1
A15-05-4,18333.3,22000.0,0,700,27380,1
A15-06-1,22000.0,25666.7,0,700,27380,1
A15-06-2,25666.7,29333.3,0,700,27380,1
A15-06-3,29333.3,33000.0,0,700,27380,1
A15-06-4,33000.0,36666.7,0,700,27380,1
A15-07-1,36666.7,40333.3,0,700,27380,1
A15-07-2,40333.3,44000.0,0,700,27380,1
A15-07-3,44000.0,47666.7,0,700,27380,1
A15-07-4,47666.7,51333.3,0,700,27380,1
A15-08-1,51333.3,55000.0,0,700,27380,1
A15-08-2,55000.0,58666.7,700,1400,27380,1
A15-08-3,58666.7,62333.3,700,1400,27380,1
A15-08-4,62333.3,66000.0,700,1400,27380,1
A15-09-1,66000.0,69666.7,700,1400,27380,1
A15-09-2,69666.7,73333.3,700,1400,27380,1
A15-09-3,73333.3,77000.0,700,1400,27380,1
A15-09-4,77000.0,80666.7,700,1400,27380,1
A15-10-1,80666.7,84333.3,700,1400,27380,1
A15-10-2,84333.3,88000.0,700,1400,27380,1
A15-10-3,88000.0,91666.7,700,1400,27380,1
A15-10-4,91666.7,95333.3,700,1400,27380,1
A15-11-1,95333.3,99000.0,700,1400,27380,1
A15-11-2,99000.0,102666.7,700,1400,27380,1
A15-11-3,102666.7,106333.3,700,1400,27380,1
A15-11-4,106333.3,110000.0,700,1400,27380,1
A15-12-1,110000.0,113666.7,1400,2100,27380,1
A15-12-2,113666.7,117333.3,1400,2100,27380,1
A15-12-3,117333.3,121000.0,1400,2100,27380,1
A15-12-4,121000.0,124666.7,1400,2100,27380,1
A15-13-1,124666.7,128333.3,1400,2100,27380,1
A15-13-2,128333.3,132000.0,1400,2100,27380,1
A15-13-3,132000.0,135666.7,1400,2100,27380,1
A15-13-4,135666.7,139333.3,1400,2100,27380,1
A15-14-1,139333.3,143000.0,1400,2100,27380,1
A15-14-2,143000.0,146666.7,1400,2100,27380,1
A15-14-3,146666.7,150333.3,1400,2100,27380,1
A15-14-4,150333.3,154000.0,1400,2100,27380,1
A15-15-1,154000.0,157666.7,1400,2100,27380,1
A15-15-2,157666.7,161333.3,1400,2100,27380,1
A15-15-3,161333.3,165000.0,1400,2100,27380,1
A15-15-4,165000.0,168666.7,2100,2800,27380,1
A16-01-2,168666.7,172333.3,2100,2800,27380,1
A16-01-3,172333.3,176000.0,2100,2800,27380,1
A16-01-4,176000.0,179666.7,2100,2800,27380,1
A16-02-1,179666.7,183333.3,2100,2800,27380,1
A16-02-2,183333.3,187000.0,2100,2800,27380,1
A16-02-3,187000.0,190666.7,2100,2800,27380,1
A16-02-4,190666.7,194333.3,2100,2800,27380,1
A16-03-1,194333.3,198000.0,2100,2800,27380,1
A16-03-2,198000.0,201666.7,2100,2800,27380,1
A16-03-3,201666.7,205333.3,2100,2800,27380,1
A16-03-4,205333.3,209000.0,2100,2800,27380,1
A16-04-1,209000.0,212666.7,2100,2800,27380,1
A16-04-2,212666.7,216333.3,2100,2800,27380,1
A16-04-3,216333.3,220000.0,2100,2800,27380,1
A16-04-4,0,3666.7,0,700,29800,0
A16-05-1,3666.7,7333.3,0,700,29800,0
A16-05-2,7333.3,11000.0,0,700,29800,0
A16-05-3,11000.0,14666.7,0,700,29800,0
A16-05-4,14666.7,18333.3,0,700,29800,0
A16-06-1,18333.3,22000.0,0,700,29800,0
A16-06-2,22000.0,25666.7,0,700,29800,0
A16-06-3,25666.7,29333.3,0,700,29800,0
A16-06-4,29333.3,33000.0,0,700,29800,0
A16-07-1,33000.0,36666.7,0,700,29800,0
A16-07-2,36666.7,40333.3,0,700,29800,0
A16-07-3,40333.3,44000.0,0,700,29800,0
A16-07-4,44000.0,47666.7,0,700,29800,0
A16-08-1,47666.7,51333.3,0,700,29800,0
A16-08-2,51333.3,55000.0,0,700,29800,0
A16-08-3,55000.0,58666.7,700,1400,29800,0
A16-08-4,58666.7,62333.3,700,1400,29800,0
A16-09-1,62333.3,66000.0,700,1400,29800,0
A16-09-2,66000.0,69666.7,700,1400,29800,0
A16-09-3,69666.7,73333.3,700,1400,29800,0
A16-09-4,73333.3,77000.0,700,1400,29800,0
A16-10-1,77000.0,80666.7,700,1400,29800,0
A16-10-2,80666.7,84333.3,700,1400,29800,0
A16-10-3,84333.3,88000.0,700,1400,29800,0
A16-10-4,88000.0,91666.7,700,1400,29800,0
A16-11-1,91666.7,95333.3,700,1400,29800,0
A16-11-2,95333.3,99000.0,700,1400,29800,0
A16-11-3,99000.0,102666.7,700,1400,29800,0
A16-11-4,102666.7,106333.3,700,1400,29800,0
A16-12-1,106333.3,110000.0,700,1400,29800,0
A16-12-2,110000.0,113666.7,1400,2100,29800,0
A16-12-3,113666.7,117333.3,1400,2100,29800,0
A16-12-4,117333.3,121000.0,1400,2100,29800,0
A16-13-1,121000.0,124666.7,1400,2100,29800,0
A16-13-2,124666.7,128333.3,1400,2100,29800,0
A16-13-3,128333.3,132000.0,1400,2100,29800,0
A16-13-4,132000.0,135666.7,1400,2100,29800,0
A16-14-1,135666.7,139333.3,1400,2100,29800,0
A16-14-2,139333.3,143000.0,1400,2100,29800,0
A16-14-3,143000.0,146666.7,1400,2100,29800,0
A16-14-4,146666.7,150333.3,1400,2100,29800,0
A16-15-1,150333.3,154000.0,1400,2100,29800,0
A16-15-2,154000.0,157666.7,1400,2100,29800,0
A16-15-3,157666.7,161333.3,1400,2100,29800,0
A16-15-4,161333.3,165000.0,1400,2100,29800,0
A17-01-2,165000.0,168666.7,2100,2800,29800,0
A17-01-3,168666.7,172333.3,2100,2800,29800,0
A17-01-4,172333.3,176000.0,2100,2800,29800,0
A17-02-1,176000.0,179666.7,2100,2800,29800,0
A17-02-2,179666.7,183333.3,2100,2800,29800,0
A17-02-3,183333.3,187000.0,2100,2800,29800,0
A17-02-4,187000.0,190666.7,2100,2800,29800,0
A17-03-1,190666.7,194333.3,2100,2800,29800,0
A17-03-2,194333.3,198000.0,2100,2800,29800,0
A17-03-3,198000.0,201666.7,2100,2800,29800,0
A17-03-4,201666.7,205333.3,2100,2800,29800,0
A17-04-1,205333.3,209000.0,2100,2800,29800,0
A17-04-2,209000.0,212666.7,2100,2800,29800,0
A17-04-3,212666.7,216333.3,2100,2800,29800,0
A17-04-4,216333.3,220000.0,2100,2800,29800,0
A17-05-1,0,3666.7,0,700,31680,1
A17-05-2,3666.7,7333.3,0,700,31680,1
A17-05-3,7333.3,11000.0,0,700,31680,1
A17-05-4,11000.0,14666.7,0,700,31680,1
A17-06-1,14666.7,18333.3,0,700,31680,1
A17-06-2,18333.3,22000.0,0,700,31680,1
A17-06-3,22000.0,25666.7,0,700,31680,1
A17-06-4,25666.7,29333.3,0,700,31680,1
A17-07-1,29333.3,33000.0,0,700,31680,1
A17-07-2,33000.0,36666.7,0,700,31680,1
A17-07-3,36666.7,40333.3,0,700,31680,1
A17-07-4,40333.3,44000.0,0,700,31680,1
A17-08-1,44000.0,47666.7,0,700,31680,1
A17-08-2,47666.7,51333.3,0,700,31680,1
A17-08-3,51333.3,55000.0,0,700,31680,1
A17-08-4,55000.0,58666.7,700,1400,31680,1
A17-09-1,58666.7,62333.3,700,1400,31680,1
A17-09-2,62333.3,66000.0,700,1400,31680,1
A17-09-3,66000.0,69666.7,700,1400,31680,1
A17-09-4,69666.7,73333.3,700,1400,31680,1
A17-10-1,73333.3,77000.0,700,1400,31680,1
A17-10-2,77000.0,80666.7,700,1400,31680,1
A17-10-3,80666.7,84333.3,700,1400,31680,1
A17-10-4,84333.3,88000.0,700,1400,31680,1
A17-11-1,88000.0,91666.7,700,1400,31680,1
A17-11-2,91666.7,95333.3,700,1400,31680,1
A17-11-3,95333.3,99000.0,700,1400,31680,1
A17-11-4,99000.0,102666.7,700,1400,31680,1
A17-12-1,102666.7,106333.3,700,1400,31680,1
A17-12-2,106333.3,110000.0,700,1400,31680,1
A17-12-3,110000.0,113666.7,1400,2100,31680,1
A17-12-4,113666.7,117333.3,1400,2100,31680,1
A17-13-1,117333.3,121000.0,1400,2100,31680,1
A17-13-2,121000.0,124666.7,1400,2100,31680,1
A17-13-3,124666.7,128333.3,1400,2100,31680,1
A17-13-4,128333.3,132000.0,1400,2100,31680,1
A17-14-1,132000.0,135666.7,1400,2100,31680,1
A17-14-2,135666.7,139333.3,1400,2100,31680,1
A17-14-3,139333.3,143000.0,1400,2100,31680,1
A17-14-4,143000.0,146666.7,1400,2100,31680,1
A17-15-1,146666.7,150333.3,1400,2100,31680,1
A17-15-2,150333.3,154000.0,1400,2100,31680,1
A17-15-3,154000.0,157666.7,1400,2100,31680,1
A17-15-4,157666.7,161333.3,1400,2100,31680,1
A18-01-2,161333.3,165000.0,1400,2100,31680,1
A18-01-3,165000.0,168666.7,2100,2800,31680,1
A18-01-4,168666.7,172333.3,2100,2800,31680,1
A18-02-1,172333.3,176000.0,2100,2800,31680,1
A18-02-2,176000.0,179666.7,2100,2800,31680,1
A18-02-3,179666.7,183333.3,2100,2800,31680,1
A18-02-4,183333.3,187000.0,2100,2800,31680,1
A18-03-1,187000.0,190666.7,2100,2800,31680,1
A18-03-2,190666.7,194333.3,2100,2800,31680,1
A18-03-3,194333.3,198000.0,2100,2800,31680,1
A18-03-4,198000.0,201666.7,2100,2800,31680,1
A18-04-1,201666.7,205333.3,2100,2800,31680,1
A18-04-2,205333.3,209000.0,2100,2800,31680,1
A18-04-3,209000.0,212666.7,2100,2800,31680,1
A18-04-4,212666.7,216333.3,2100,2800,31680,1
A18-05-1,216333.3,220000.0,2100,2800,31680,1
A18-05-2,0,3666.7,0,700,34080,0
A18-05-3,3666.7,7333.3,0,700,34080,0
A18-05-4,7333.3,11000.0,0,700,34080,0
A18-06-1,11000.0,14666.7,0,700,34080,0
A18-06-2,14666.7,18333.3,0,700,34080,0
A18-06-3,18333.3,22000.0,0,700,34080,0
A18-06-4,22000.0,25666.7,0,700,34080,0
A18-07-1,25666.7,29333.3,0,700,34080,0
A18-07-2,29333.3,33000.0,0,700,34080,0
A18-07-3,33000.0,36666.7,0,700,34080,0
A18-07-4,36666.7,40333.3,0,700,34080,0
A18-08-1,40333.3,44000.0,0,700,34080,0
A18-08-2,44000.0,47666.7,0,700,34080,0
A18-08-3,47666.7,51333.3,0,700,34080,0
A18-08-4,51333.3,55000.0,0,700,34080,0
A18-09-1,55000.0,58666.7,700,1400,34080,0
A18-09-2,58666.7,62333.3,700,1400,34080,0
A18-09-3,62333.3,66000.0,700,1400,34080,0
A18-09-4,66000.0,69666.7,700,1400,34080,0
A18-10-1,69666.7,73333.3,700,1400,34080,0
A18-10-2,73333.3,77000.0,700,1400,34080,0
A18-10-3,77000.0,80666.7,700,1400,34080,0
A18-10-4,80666.7,84333.3,700,1400,34080,0
A18-11-1,84333.3,88000.0,700,1400,34080,0
A18-11-2,88000.0,91666.7,700,1400,34080,0
A18-11-3,91666.7,95333.3,700,1400,34080,0
A18-11-4,95333.3,99000.0,700,1400,34080,0
A18-12-1,99000.0,102666.7,700,1400,34080,0
A18-12-2,102666.7,106333.3,700,1400,34080,0
A18-12-3,106333.3,110000.0,700,1400,34080,0
A18-12-4,110000.0,113666.7,1400,2100,34080,0
A18-13-1,113666.7,117333.3,1400,2100,34080,0
A18-13-2,117333.3,121000.0,1400,2100,34080,0
A18-13-3,121000.0,124666.7,1400,2100,34080,0
A18-13-4,124666.7,128333.3,1400,2100,34080,0
A18-14-1,128333.3,132000.0,1400,2100,34080,0
A18-14-2,132000.0,135666.7,1400,2100,34080,0
A18-14-3,135666.7,139333.3,1400,2100,34080,0
A18-14-4,139333.3,143000.0,1400,2100,34080,0
A18-15-1,143000.0,146666.7,1400,2100,34080,0
A18-15-2,146666.7,150333.3,1400,2100,34080,0
A18-15-3,150333.3,154000.0,1400,2100,34080,0
A18-15-4,154000.0,157666.7,1400,2100,34080,0
A19-01-2,157666.7,161333.3,1400,2100,34080,0
A19-01-3,161333.3,165000.0,1400,2100,34080,0
A19-01-4,165000.0,168666.7,2100,2800,34080,0
A19-02-1,168666.7,172333.3,2100,2800,34080,0
A19-02-2,172333.3,176000.0,2100,2800,34080,0
A19-02-3,176000.0,179666.7,2100,2800,34080,0
A19-02-4,179666.7,183333.3,2100,2800,34080,0
A19-03-1,183333.3,187000.0,2100,2800,34080,0
A19-03-2,187000.0,190666.7,2100,2800,34080,0
A19-03-3,190666.7,194333.3,2100,2800,34080,0
A19-03-4,194333.3,198000.0,2100,2800,34080,0
A19-04-1,198000.0,201666.7,2100,2800,34080,0
A19-04-2,201666.7,205333.3,2100,2800,34080,0
A19-04-3,205333.3,209000.0,2100,2800,34080,0
A19-04-4,209000.0,212666.7,2100,2800,34080,0
A19-05-1,212666.7,216333.3,2100,2800,34080,0
A19-05-2,216333.3,220000.0,2100,2800,34080,0
A19-05-3,0,3666.7,0,700,35960,1
A19-05-4,3666.7,7333.3,0,700,35960,1
A19-06-1,7333.3,11000.0,0,700,35960,1
A19-06-2,11000.0,14666.7,0,700,35960,1
A19-06-3,14666.7,18333.3,0,700,35960,1
A19-06-4,18333.3,22000.0,0,700,35960,1
A19-07-1,22000.0,25666.7,0,700,35960,1
A19-07-2,25666.7,29333.3,0,700,35960,1
A19-07-3,29333.3,33000.0,0,700,35960,1
A19-07-4,33000.0,36666.7,0,700,35960,1
A19-08-1,36666.7,40333.3,0,700,35960,1
A19-08-2,40333.3,44000.0,0,700,35960,1
A19-08-3,44000.0,47666.7,0,700,35960,1
A19-08-4,47666.7,51333.3,0,700,35960,1
A19-09-1,51333.3,55000.0,0,700,35960,1
A19-09-2,55000.0,58666.7,700,1400,35960,1
A19-09-3,58666.7,62333.3,700,1400,35960,1
A19-09-4,62333.3,66000.0,700,1400,35960,1
A19-10-1,66000.0,69666.7,700,1400,35960,1
A19-10-2,69666.7,73333.3,700,1400,35960,1
A19-10-3,73333.3,77000.0,700,1400,35960,1
A19-10-4,77000.0,80666.7,700,1400,35960,1
A19-11-1,80666.7,84333.3,700,1400,35960,1
A19-11-2,84333.3,88000.0,700,1400,35960,1
A19-11-3,88000.0,91666.7,700,1400,35960,1
A19-11-4,91666.7,95333.3,700,1400,35960,1
A19-12-1,95333.3,99000.0,700,1400,35960,1
A19-12-2,99000.0,102666.7,700,1400,35960,1
A19-12-3,102666.7,106333.3,700,1400,35960,1
A19-12-4,106333.3,110000.0,700,1400,35960,1
A19-13-1,110000.0,113666.7,1400,2100,35960,1
A19-13-2,113666.7,117333.3,1400,2100,35960,1
A19-13-3,117333.3,121000.0,1400,2100,35960,1
A19-13-4,121000.0,124666.7,1400,2100,35960,1
A19-14-1,124666.7,128333.3,1400,2100,35960,1
A19-14-2,128333.3,132000.0,1400,2100,35960,1
A19-14-3,132000.0,135666.7,1400,2100,35960,1
A19-14-4,135666.7,139333.3,1400,2100,35960,1
A19-15-1,139333.3,143000.0,1400,2100,35960,1
A19-15-2,143000.0,146666.7,1400,2100,35960,1
A19-15-3,146666.7,150333.3,1400,2100,35960,1
A19-15-4,150333.3,154000.0,1400,2100,35960,1
A20-01-2,154000.0,157666.7,1400,2100,35960,1
A20-01-3,157666.7,161333.3,1400,2100,35960,1
A20-01-4,161333.3,165000.0,1400,2100,35960,1
A20-02-1,165000.0,168666.7,2100,2800,35960,1
A20-02-2,168666.7,172333.3,2100,2800,35960,1
A20-02-3,172333.3,176000.0,2100,2800,35960,1
A20-02-4,176000.0,179666.7,2100,2800,35960,1
A20-03-1,179666.7,183333.3,2100,2800,35960,1
A20-03-2,183333.3,187000.0,2100,2800,35960,1
A20-03-3,187000.0,190666.7,2100,2800,35960,1
A20-03-4,190666.7,194333.3,2100,2800,35960,1
A20-04-1,194333.3,198000.0,2100,2800,35960,1
A20-04-2,198000.0,201666.7,2100,2800,35960,1
A20-04-3,201666.7,205333.3,2100,2800,35960,1
A20-04-4,205333.3,209000.0,2100,2800,35960,1
A20-05-1,209000.0,212666.7,2100,2800,35960,1
A20-05-2,212666.7,216333.3,2100,2800,35960,1
A20-05-3,216333.3,220000.0,2100,2800,35960,1
A20-05-4,0,3666.7,0,700,38760,0
A20-06-1,3666.7,7333.3,0,700,38760,0
A20-06-2,7333.3,11000.0,0,700,38760,0
A20-06-3,11000.0,14666.7,0,700,38760,0
A20-06-4,14666.7,18333.3,0,700,38760,0
A20-07-1,18333.3,22000.0,0,700,38760,0
A20-07-2,22000.0,25666.7,0,700,38760,0
A20-07-3,25666.7,29333.3,0,700,38760,0
A20-07-4,29333.3,33000.0,0,700,38760,0
A20-08-1,33000.0,36666.7,0,700,38760,0
A20-08-2,36666.7,40333.3,0,700,38760,0
A20-08-3,40333.3,44000.0,0,700,38760,0
A20-08-4,44000.0,47666.7,0,700,38760,0
A20-09-1,47666.7,51333.3,0,700,38760,0
A20-09-2,51333.3,55000.0,0,700,38760,0
A20-09-3,55000.0,58666.7,700,1400,38760,0
A20-09-4,58666.7,62333.3,700,1400,38760,0
A20-10-1,62333.3,66000.0,700,1400,38760,0
A20-10-2,66000.0,69666.7,700,1400,38760,0
A20-10-3,69666.7,73333.3,700,1400,38760,0
A20-10-4,73333.3,77000.0,700,1400,38760,0
A20-11-1,77000.0,80666.7,700,1400,38760,0
A20-11-2,80666.7,84333.3,700,1400,38760,0
A20-11-3,84333.3,88000.0,700,1400,38760,0
A20-11-4,88000.0,91666.7,700,1400,38760,0
A20-12-1,91666.7,95333.3,700,1400,38760,0
A20-12-2,95333.3,99000.0,700,1400,38760,0
A20-12-3,99000.0,102666.7,700,1400,38760,0
A20-12-4,102666.7,106333.3,700,1400,38760,0
A20-13-1,106333.3,110000.0,700,1400,38760,0
A20-13-2,110000.0,113666.7,1400,2100,38760,0
A20-13-3,113666.7,117333.3,1400,2100,38760,0
A20-13-4,117333.3,121000.0,1400,2100,38760,0
A20-14-1,121000.0,124666.7,1400,2100,38760,0
A20-14-2,124666.7,128333.3,1400,2100,38760,0
A20-14-3,128333.3,132000.0,1400,2100,38760,0
A20-14-4,132000.0,135666.7,1400,2100,38760,0
A20-15-1,135666.7,139333.3,1400,2100,38760,0
A20-15-2,139333.3,143000.0,1400,2100,38760,0
A20-15-3,143000.0,146666.7,1400,2100,38760,0
A20-15-4,146666.7,150333.3,1400,2100,38760,0
A21-01-2,150333.3,154000.0,1400,2100,38760,0
A21-01-3,154000.0,157666.7,1400,2100,38760,0
A21-01-4,157666.7,161333.3,1400,2100,38760,0
A21-02-1,161333.3,165000.0,1400,2100,38760,0
A21-02-2,165000.0,168666.7,2100,2800,38760,0
A21-02-3,168666.7,172333.3,2100,2800,38760,0
A21-02-4,172333.3,176000.0,2100,2800,38760,0
A21-03-1,176000.0,179666.7,2100,2800,38760,0
A21-03-2,179666.7,183333.3,2100,2800,38760,0
A21-03-3,183333.3,187000.0,2100,2800,38760,0
A21-03-4,187000.0,190666.7,2100,2800,38760,0
A21-04-1,190666.7,194333.3,2100,2800,38760,0
A21-04-2,194333.3,198000.0,2100,2800,38760,0
A21-04-3,198000.0,201666.7,2100,2800,38760,0
A21-04-4,201666.7,205333.3,2100,2800,38760,0
A21-05-1,205333.3,209000.0,2100,2800,38760,0
A21-05-2,209000.0,212666.7,2100,2800,38760,0
A21-05-3,212666.7,216333.3,2100,2800,38760,0
A21-05-4,216333.3,220000.0,2100,2800,38760,0
A21-06-1,0,3666.7,0,700,43590,1
A21-06-2,3666.7,7333.3,0,700,43590,1
A21-06-3,7333.3,11000.0,0,700,43590,1
A21-06-4,11000.0,14666.7,0,700,43590,1
A21-07-1,14666.7,18333.3,0,700,43590,1
A21-07-2,18333.3,22000.0,0,700,43590,1
A21-07-3,22000.0,25666.7,0,700,43590,1
A21-07-4,25666.7,29333.3,0,700,43590,1
A21-08-1,29333.3,33000.0,0,700,43590,1
A21-08-2,33000.0,36666.7,0,700,43590,1
A21-08-3,36666.7,40333.3,0,700,43590,1
A21-08-4,40333.3,44000.0,0,700,43590,1
A21-09-1,44000.0,47666.7,0,700,43590,1
A21-09-2,47666.7,51333.3,0,700,43590,1
A21-09-3,51333.3,55000.0,0,700,43590,1
A21-09-4,55000.0,58666.7,700,1400,43590,1
A21-10-1,58666.7,62333.3,700,1400,43590,1
A21-10-2,62333.3,66000.0,700,1400,43590,1
A21-10-3,66000.0,69666.7,700,1400,43590,1
A21-10-4,69666.7,73333.3,700,1400,43590,1
A21-11-1,73333.3,77000.0,700,1400,43590,1
A21-11-2,77000.0,80666.7,700,1400,43590,1
A21-11-3,80666.7,84333.3,700,1400,43590,1
A21-11-4,84333.3,88000.0,700,1400,43590,1
A21-12-1,88000.0,91666.7,700,1400,43590,1
A21-12-2,91666.7,95333.3,700,1400,43590,1
A21-12-3,95333.3,99000.0,700,1400,43590,1
A21-12-4,99000.0,102666.7,700,1400,43590,1
A21-13-1,102666.7,106333.3,700,1400,43590,1
A21-13-2,106333.3,110000.0,700,1400,43590,1
A21-13-3,110000.0,113666.7,1400,2100,43590,1
A21-13-4,113666.7,117333.3,1400,2100,43590,1
A21-14-1,117333.3,121000.0,1400,2100,43590,1
A21-14-2,121000.0,124666.7,1400,2100,43590,1
A21-14-3,124666.7,128333.3,1400,2100,43590,1
A21-14-4,128333.3,132000.0,1400,2100,43590,1
A21-15-1,132000.0,135666.7,1400,2100,43590,1
A21-15-2,135666.7,139333.3,1400,2100,43590,1
A21-15-3,139333.3,143000.0,1400,2100,43590,1
A21-15-4,143000.0,146666.7,1400,2100,43590,1
A22-01-2,146666.7,150333.3,1400,2100,43590,1
A22-01-3,150333.3,154000.0,1400,2100,43590,1
A22-01-4,154000.0,157666.7,1400,2100,43590,1
A22-02-1,157666.7,161333.3,1400,2100,43590,1
A22-02-2,161333.3,165000.0,1400,2100,43590,1
A22-02-3,165000.0,168666.7,2100,2800,43590,1
A22-02-4,168666.7,172333.3,2100,2800,43590,1
A22-03-1,172333.3,176000.0,2100,2800,43590,1
A22-03-2,176000.0,179666.7,2100,2800,43590,1
A22-03-3,179666.7,183333.3,2100,2800,43590,1
A22-03-4,183333.3,187000.0,2100,2800,43590,1
A22-04-1,187000.0,190666.7,2100,2800,43590,1
A22-04-2,190666.7,194333.3,2100,2800,43590,1
A22-04-3,194333.3,198000.0,2100,2800,43590,1
A22-04-4,198000.0,201666.7,2100,2800,43590,1
A22-05-1,201666.7,205333.3,2100,2800,43590,1
A22-05-2,205333.3,209000.0,2100,2800,43590,1
A22-05-3,209000.0,212666.7,2100,2800,43590,1
A22-05-4,212666.7,216333.3,2100,2800,43590,1
A22-06-1,216333.3,220000.0,2100,2800,43590,1
A22-06-2,0,3666.7,0,700,45990,0
A22-06-3,3666.7,7333.3,0,700,45990,0
A22-06-4,7333.3,11000.0,0,700,45990,0
A22-07-1,11000.0,14666.7,0,700,45990,0
A22-07-2,14666.7,18333.3,0,700,45990,0
A22-07-3,18333.3,22000.0,0,700,45990,0
A22-07-4,22000.0,25666.7,0,700,45990,0
A22-08-1,25666.7,29333.3,0,700,45990,0
A22-08-2,29333.3,33000.0,0,700,45990,0
A22-08-3,33000.0,36666.7,0,700,45990,0
A22-08-4,36666.7,40333.3,0,700,45990,0
A22-09-1,40333.3,44000.0,0,700,45990,0
A22-09-2,44000.0,47666.7,0,700,45990,0
A22-09-3,47666.7,51333.3,0,700,45990,0
A22-09-4,51333.3,55000.0,0,700,45990,0
A22-10-1,55000.0,58666.7,700,1400,45990,0
A22-10-2,58666.7,62333.3,700,1400,45990,0
A22-10-3,62333.3,66000.0,700,1400,45990,0
A22-10-4,66000.0,69666.7,700,1400,45990,0
A22-11-1,69666.7,73333.3,700,1400,45990,0
A22-11-2,73333.3,77000.0,700,1400,45990,0
A22-11-3,77000.0,80666.7,700,1400,45990,0
A22-11-4,80666.7,84333.3,700,1400,45990,0
A22-12-1,84333.3,88000.0,700,1400,45990,0
A22-12-2,88000.0,91666.7,700,1400,45990,0
A22-12-3,91666.7,95333.3,700,1400,45990,0
A22-12-4,95333.3,99000.0,700,1400,45990,0
A22-13-1,99000.0,102666.7,700,1400,45990,0
A22-13-2,102666.7,106333.3,700,1400,45990,0
A22-13-3,106333.3,110000.0,700,1400,45990,0
A22-13-4,110000.0,113666.7,1400,2100,45990,0
A22-14-1,113666.7,117333.3,1400,2100,45990,0
A22-14-2,117333.3,121000.0,1400,2100,45990,0
A22-14-3,121000.0,124666.7,1400,2100,45990,0
A22-14-4,124666.7,128333.3,1400,2100,45990,0
A22-15-1,128333.3,132000.0,1400,2100,45990,0
A22-15-2,132000.0,135666.7,1400,2100,45990,0
A22-15-3,135666.7,139333.3,1400,2100,45990,0
A22-15-4,139333.3,143000.0,1400,2100,45990,0
A23-01-2,143000.0,146666.7,1400,2100,45990,0
A23-01-3,146666.7,150333.3,1400,2100,45990,0
A23-01-4,150333.3,154000.0,1400,2100,45990,0
A23-02-1,154000.0,157666.7,1400,2100,45990,0
A23-02-2,157666.7,161333.3,1400,2100,45990,0
A23-02-3,161333.3,165000.0,1400,2100,45990,0
A23-02-4,165000.0,168666.7,2100,2800,45990,0
A23-03-1,168666.7,172333.3,2100,2800,45990,0
A23-03-2,172333.3,176000.0,2100,2800,45990,0
A23-03-3,176000.0,179666.7,2100,2800,45990,0
A23-03-4,179666.7,183333.3,2100,2800,45990,0
A23-04-1,183333.3,187000.0,2100,2800,45990,0
A23-04-2,187000.0,190666.7,2100,2800,45990,0
A23-04-3,190666.7,194333.3,2100,2800,45990,0
A23-04-4,194333.3,198000.0,2100,2800,45990,0
A23-05-1,198000.0,201666.7,2100,2800,45990,0
A23-05-2,201666.7,205333.3,2100,2800,45990,0
A23-05-3,205333.3,209000.0,2100,2800,45990,0
A23-05-4,209000.0,212666.7,2100,2800,45990,0
A23-06-1,212666.7,216333.3,2100,2800,45990,0
A23-06-2,216333.3,220000.0,2100,2800,45990,0
A23-06-3,0,3666.7,0,700,48940,1
A23-06-4,3666.7,7333.3,0,700,48940,1
A23-07-1,7333.3,11000.0,0,700,48940,1
A23-07-2,11000.0,14666.7,0,700,48940,1
A23-07-3,14666.7,18333.3,0,700,48940,1
A23-07-4,18333.3,22000.0,0,700,48940,1
A23-08-1,22000.0,25666.7,0,700,48940,1
A23-08-2,25666.7,29333.3,0,700,48940,1
A23-08-3,29333.3,33000.0,0,700,48940,1
A23-08-4,33000.0,36666.7,0,700,48940,1
A23-09-1,36666.7,40333.3,0,700,48940,1
A23-09-2,40333.3,44000.0,0,700,48940,1
A23-09-3,44000.0,47666.7,0,700,48940,1
A23-09-4,47666.7,51333.3,0,700,48940,1
A23-10-1,51333.3,55000.0,0,700,48940,1
A23-10-2,55000.0,58666.7,700,1400,48940,1
A23-10-3,58666.7,62333.3,700,1400,48940,1
A23-10-4,62333.3,66000.0,700,1400,48940,1
A23-11-1,66000.0,69666.7,700,1400,48940,1
A23-11-2,69666.7,73333.3,700,1400,48940,1
A23-11-3,73333.3,77000.0,700,1400,48940,1
A23-11-4,77000.0,80666.7,700,1400,48940,1
A23-12-1,80666.7,84333.3,700,1400,48940,1
A23-12-2,84333.3,88000.0,700,1400,48940,1
A23-12-3,88000.0,91666.7,700,1400,48940,1
A23-12-4,91666.7,95333.3,700,1400,48940,1
A23-13-1,95333.3,99000.0,700,1400,48940,1
A23-13-2,99000.0,102666.7,700,1400,48940,1
A23-13-3,102666.7,106333.3,700,1400,48940,1
A23-13-4,106333.3,110000.0,700,1400,48940,1
A23-14-1,110000.0,113666.7,1400,2100,48940,1
A23-14-2,113666.7,117333.3,1400,2100,48940,1
A23-14-3,117333.3,121000.0,1400,2100,48940,1
A23-14-4,121000.0,124666.7,1400,2100,48940,1
A23-15-1,124666.7,128333.3,1400,2100,48940,1
A23-15-2,128333.3,132000.0,1400,2100,48940,1
A23-15-3,132000.0,135666.7,1400,2100,48940,1
A23-15-4,135666.7,139333.3,1400,2100,48940,1
A24-01-2,139333.3,143000.0,1400,2100,48940,1
A24-01-3,143000.0,146666.7,1400,2100,48940,1
A24-01-4,146666.7,150333.3,1400,2100,48940,1
A24-02-1,150333.3,154000.0,1400,2100,48940,1
A24-02-2,154000.0,157666.7,1400,2100,48940,1
A24-02-3,157666.7,161333.3,1400,2100,48940,1
A24-02-4,161333.3,165000.0,1400,2100,48940,1
A24-03-1,165000.0,168666.7,2100,2800,48940,1
A24-03-2,168666.7,172333.3,2100,2800,48940,1
A24-03-3,172333.3,176000.0,2100,2800,48940,1
A24-03-4,176000.0,179666.7,2100,2800,48940,1
A24-04-1,179666.7,183333.3,2100,2800,48940,1
A24-04-2,183333.3,187000.0,2100,2800,48940,1
A24-04-3,187000.0,190666.7,2100,2800,48940,1
A24-04-4,190666.7,194333.3,2100,2800,48940,1
A24-05-1,194333.3,198000.0,2100,2800,48940,1
A24-05-2,198000.0,201666.7,2100,2800,48940,1
A24-05-3,201666.7,205333.3,2100,2800,48940,1
A24-05-4,205333.3,209000.0,2100,2800,48940,1
A24-06-1,209000.0,212666.7,2100,2800,48940,1
A24-06-2,212666.7,216333.3,2100,2800,48940,1
A24-06-3,216333.3,220000.0,2100,2800,48940,1
A24-06-4,0,3666.7,0,700,51500,0
A24-07-1,3666.7,7333.3,0,700,51500,0
A24-07-2,7333.3,11000.0,0,700,51500,0
A24-07-3,11000.0,14666.7,0,700,51500,0
A24-07-4,14666.7,18333.3,0,700,51500,0
A24-08-1,18333.3,22000.0,0,700,51500,0
A24-08-2,22000.0,25666.7,0,700,51500,0
A24-08-3,25666.7,29333.3,0,700,51500,0
A24-08-4,29333.3,33000.0,0,700,51500,0
A24-09-1,33000.0,36666.7,0,700,51500,0
A24-09-2,36666.7,40333.3,0,700,51500,0
A24-09-3,40333.3,44000.0,0,700,51500,0
A24-09-4,44000.0,47666.7,0,700,51500,0
A24-10-1,47666.7,51333.3,0,700,51500,0
A24-10-2,51333.3,55000.0,0,700,51500,0
A24-10-3,55000.0,58666.7,700,1400,51500,0
A24-10-4,58666.7,62333.3,700,1400,51500,0
A24-11-1,62333.3,66000.0,700,1400,51500,0
A24-11-2,66000.0,69666.7,700,1400,51500,0
A24-11-3,69666.7,73333.3,700,1400,51500,0
A24-11-4,73333.3,77000.0,700,1400,51500,0
A24-12-1,77000.0,80666.7,700,1400,51500,0
A24-12-2,80666.7,84333.3,700,1400,51500,0
A24-12-3,84333.3,88000.0,700,1400,51500,0
A24-12-4,88000.0,91666.7,700,1400,51500,0
A24-13-1,91666.7,95333.3,700,1400,51500,0
A24-13-2,95333.3,99000.0,700,1400,51500,0
A24-13-3,99000.0,102666.7,700,1400,51500,0
A24-13-4,102666.7,106333.3,700,1400,51500,0
A24-14-1,106333.3,110000.0,700,1400,51500,0
A24-14-2,110000.0,113666.7,1400,2100,51500,0
A24-14-3,113666.7,117333.3,1400,2100,51500,0
A24-14-4,117333.3,121000.0,1400,2100,51500,0
A24-15-1,121000.0,124666.7,1400,2100,51500,0
A24-15-2,124666.7,128333.3,1400,2100,51500,0
A24-15-3,128333.3,132000.0,1400,2100,51500,0
A24-15-4,132000.0,135666.7,1400,2100,51500,0
A25-01-2,135666.7,139333.3,1400,2100,51500,0
A25-01-3,139333.3,143000.0,1400,2100,51500,0
A25-01-4,143000.0,146666.7,1400,2100,51500,0
A25-02-1,146666.7,150333.3,1400,2100,51500,0
A25-02-2,150333.3,154000.0,1400,2100,51500,0
A25-02-3,154000.0,157666.7,1400,2100,51500,0
A25-02-4,157666.7,161333.3,1400,2100,51500,0
A25-03-1,161333.3,165000.0,1400,2100,51500,0
A25-03-2,165000.0,168666.7,2100,2800,51500,0
A25-03-3,168666.7,172333.3,2100,2800,51500,0
A25-03-4,172333.3,176000.0,2100,2800,51500,0
A25-04-1,176000.0,179666.7,2100,2800,51500,0
A25-04-2,179666.7,183333.3,2100,2800,51500,0
A25-04-3,183333.3,187000.0,2100,2800,51500,0
A25-04-4,187000.0,190666.7,2100,2800,51500,0
A25-05-1,190666.7,194333.3,2100,2800,51500,0
A25-05-2,194333.3,198000.0,2100,2800,51500,0
A25-05-3,198000.0,201666.7,2100,2800,51500,0
A25-05-4,201666.7,205333.3,2100,2800,51500,0
A25-06-1,205333.3,209000.0,2100,2800,51500,0
A25-06-2,209000.0,212666.7,2100,2800,51500,0
A25-06-3,212666.7,216333.3,2100,2800,51500,0
A25-06-4,216333.3,220000.0,2100,2800,51500,0
A25-07-1,0,3666.7,0,700,54450,1
A25-07-2,3666.7,7333.3,0,700,54450,1
A25-07-3,7333.3,11000.0,0,700,54450,1
A25-07-4,11000.0,14666.7,0,700,54450,1
A25-08-1,14666.7,18333.3,0,700,54450,1
A25-08-2,18333.3,22000.0,0,700,54450,1
A25-08-3,22000.0,25666.7,0,700,54450,1
A25-08-4,25666.7,29333.3,0,700,54450,1
A25-09-1,29333.3,33000.0,0,700,54450,1
A25-09-2,33000.0,36666.7,0,700,54450,1
A25-09-3,36666.7,40333.3,0,700,54450,1
A25-09-4,40333.3,44000.0,0,700,54450,1
A25-10-1,44000.0,47666.7,0,700,54450,1
A25-10-2,47666.7,51333.3,0,700,54450,1
A25-10-3,51333.3,55000.0,0,700,54450,1
A25-10-4,55000.0,58666.7,700,1400,54450,1
A25-11-1,58666.7,62333.3,700,1400,54450,1
A25-11-2,62333.3,66000.0,700,1400,54450,1
A25-11-3,66000.0,69666.7,700,1400,54450,1
A25-11-4,69666.7,73333.3,700,1400,54450,1
A25-12-1,73333.3,77000.0,700,1400,54450,1
A25-12-2,77000.0,80666.7,700,1400,54450,1
A25-12-3,80666.7,84333.3,700,1400,54450,1
A25-12-4,84333.3,88000.0,700,1400,54450,1
A25-13-1,88000.0,91666.7,700,1400,54450,1
A25-13-2,91666.7,95333.3,700,1400,54450,1
A25-13-3,95333.3,99000.0,700,1400,54450,1
A25-13-4,99000.0,102666.7,700,1400,54450,1
A25-14-1,102666.7,106333.3,700,1400,54450,1
A25-14-2,106333.3,110000.0,700,1400,54450,1
A25-14-3,110000.0,113666.7,1400,2100,54450,1
A25-14-4,113666.7,117333.3,1400,2100,54450,1
A25-15-1,117333.3,121000.0,1400,2100,54450,1
A25-15-2,121000.0,124666.7,1400,2100,54450,1
A25-15-3,124666.7,128333.3,1400,2100,54450,1
A25-15-4,128333.3,132000.0,1400,2100,54450,1
A26-01-2,132000.0,135666.7,1400,2100,54450,1
A26-01-3,135666.7,139333.3,1400,2100,54450,1
A26-01-4,139333.3,143000.0,1400,2100,54450,1
A26-02-1,143000.0,146666.7,1400,2100,54450,1
A26-02-2,146666.7,150333.3,1400,2100,54450,1
A26-02-3,150333.3,154000.0,1400,2100,54450,1
A26-02-4,154000.0,157666.7,1400,2100,54450,1
A26-03-1,157666.7,161333.3,1400,2100,54450,1
A26-03-2,161333.3,165000.0,1400,2100,54450,1
A26-03-3,165000.0,168666.7,2100,2800,54450,1
A26-03-4,168666.7,172333.3,2100,2800,54450,1
A26-04-1,172333.3,176000.0,2100,2800,54450,1
A26-04-2,176000.0,179666.7,2100,2800,54450,1
A26-04-3,179666.7,183333.3,2100,2800,54450,1
A26-04-4,183333.3,187000.0,2100,2800,54450,1
A26-05-1,187000.0,190666.7,2100,2800,54450,1
A26-05-2,190666.7,194333.3,2100,2800,54450,1
A26-05-3,194333.3,198000.0,2100,2800,54450,1
A26-05-4,198000.0,201666.7,2100,2800,54450,1
A26-06-1,201666.7,205333.3,2100,2800,54450,1
A26-06-2,205333.3,209000.0,2100,2800,54450,1
A26-06-3,209000.0,212666.7,2100,2800,54450,1
A26-06-4,212666.7,216333.3,2100,2800,54450,1
A26-07-1,216333.3,220000.0,2100,2800,54450,1
A26-07-2,0,3666.7,0,700,56850,0
A26-07-3,3666.7,7333.3,0,700,56850,0
A26-07-4,7333.3,11000.0,0,700,56850,0
A26-08-1,11000.0,14666.7,0,700,56850,0
A26-08-2,14666.7,18333.3,0,700,56850,0
A26-08-3,18333.3,22000.0,0,700,56850,0
A26-08-4,22000.0,25666.7,0,700,56850,0
A26-09-1,25666.7,29333.3,0,700,56850,0
A26-09-2,29333.3,33000.0,0,700,56850,0
A26-09-3,33000.0,36666.7,0,700,56850,0
A26-09-4,36666.7,40333.3,0,700,56850,0
A26-10-1,40333.3,44000.0,0,700,56850,0
A26-10-2,44000.0,47666.7,0,700,56850,0
A26-10-3,47666.7,51333.3,0,700,56850,0
A26-10-4,51333.3,55000.0,0,700,56850,0
A26-11-1,55000.0,58666.7,700,1400,56850,0
A26-11-2,58666.7,62333.3,700,1400,56850,0
A26-11-3,62333.3,66000.0,700,1400,56850,0
A26-11-4,66000.0,69666.7,700,1400,56850,0
A26-12-1,69666.7,73333.3,700,1400,56850,0
A26-12-2,73333.3,77000.0,700,1400,56850,0
A26-12-3,77000.0,80666.7,700,1400,56850,0
A26-12-4,80666.7,84333.3,700,1400,56850,0
A26-13-1,84333.3,88000.0,700,1400,56850,0
A26-13-2,88000.0,91666.7,700,1400,56850,0
A26-13-3,91666.7,95333.3,700,1400,56850,0
A26-13-4,95333.3,99000.0,700,1400,56850,0
A26-14-1,99000.0,102666.7,700,1400,56850,0
A26-14-2,102666.7,106333.3,700,1400,56850,0
A26-14-3,106333.3,110000.0,700,1400,56850,0
A26-14-4,110000.0,113666.7,1400,2100,56850,0
A26-15-1,113666.7,117333.3,1400,2100,56850,0
A26-15-2,117333.3,121000.0,1400,2100,56850,0
A26-15-3,121000.0,124666.7,1400,2100,56850,0
A26-15-4,124666.7,128333.3,1400,2100,56850,0
A27-01-2,128333.3,132000.0,1400,2100,56850,0
A27-01-3,132000.0,135666.7,1400,2100,56850,0
A27-01-4,135666.7,139333.3,1400,2100,56850,0
A27-02-1,139333.3,143000.0,1400,2100,56850,0
A27-02-2,143000.0,146666.7,1400,2100,56850,0
A27-02-3,146666.7,150333.3,1400,2100,56850,0
A27-02-4,150333.3,154000.0,1400,2100,56850,0
A27-03-1,154000.0,157666.7,1400,2100,56850,0
A27-03-2,157666.7,161333.3,1400,2100,56850,0
A27-03-3,161333.3,165000.0,1400,2100,56850,0
A27-03-4,165000.0,168666.7,2100,2800,56850,0
A27-04-1,168666.7,172333.3,2100,2800,56850,0
A27-04-2,172333.3,176000.0,2100,2800,56850,0
A27-04-3,176000.0,179666.7,2100,2800,56850,0
A27-04-4,179666.7,183333.3,2100,2800,56850,0
A27-05-1,183333.3,187000.0,2100,2800,56850,0
A27-05-2,187000.0,190666.7,2100,2800,56850,0
A27-05-3,190666.7,194333.3,2100,2800,56850,0
A27-05-4,194333.3,198000.0,2100,2800,56850,0
A27-06-1,198000.0,201666.7,2100,2800,56850,0
A27-06-2,201666.7,205333.3,2100,2800,56850,0
A27-06-3,205333.3,209000.0,2100,2800,56850,0
A27-06-4,209000.0,212666.7,2100,2800,56850,0
A27-07-1,212666.7,216333.3,2100,2800,56850,0
A27-07-2,216333.3,220000.0,2100,2800,56850,0
A27-07-3,0,3666.7,0,700,59800,1
A27-07-4,3666.7,7333.3,0,700,59800,1
A27-08-1,7333.3,11000.0,0,700,59800,1
A27-08-2,11000.0,14666.7,0,700,59800,1
A27-08-3,14666.7,18333.3,0,700,59800,1
A27-08-4,18333.3,22000.0,0,700,59800,1
A27-09-1,22000.0,25666.7,0,700,59800,1
A27-09-2,25666.7,29333.3,0,700,59800,1
A27-09-3,29333.3,33000.0,0,700,59800,1
A27-09-4,33000.0,36666.7,0,700,59800,1
A27-10-1,36666.7,40333.3,0,700,59800,1
A27-10-2,40333.3,44000.0,0,700,59800,1
A27-10-3,44000.0,47666.7,0,700,59800,1
A27-10-4,47666.7,51333.3,0,700,59800,1
A27-11-1,51333.3,55000.0,0,700,59800,1
A27-11-2,55000.0,58666.7,700,1400,59800,1
A27-11-3,58666.7,62333.3,700,1400,59800,1
A27-11-4,62333.3,66000.0,700,1400,59800,1
A27-12-1,66000.0,69666.7,700,1400,59800,1
A27-12-2,69666.7,73333.3,700,1400,59800,1
A27-12-3,73333.3,77000.0,700,1400,59800,1
A27-12-4,77000.0,80666.7,700,1400,59800,1
A27-13-1,80666.7,84333.3,700,1400,59800,1
A27-13-2,84333.3,88000.0,700,1400,59800,1
A27-13-3,88000.0,91666.7,700,1400,59800,1
A27-13-4,91666.7,95333.3,700,1400,59800,1
A27-14-1,95333.3,99000.0,700,1400,59800,1
A27-14-2,99000.0,102666.7,700,1400,59800,1
A27-14-3,102666.7,106333.3,700,1400,59800,1
A27-14-4,106333.3,110000.0,700,1400,59800,1
A27-15-1,110000.0,113666.7,1400,2100,59800,1
A27-15-2,113666.7,117333.3,1400,2100,59800,1
A27-15-3,117333.3,121000.0,1400,2100,59800,1
A27-15-4,121000.0,124666.7,1400,2100,59800,1
A28-01-2,124666.7,128333.3,1400,2100,59800,1
A28-01-3,128333.3,132000.0,1400,2100,59800,1
A28-01-4,132000.0,135666.7,1400,2100,59800,1
A28-02-1,135666.7,139333.3,1400,2100,59800,1
A28-02-2,139333.3,143000.0,1400,2100,59800,1
A28-02-3,143000.0,146666.7,1400,2100,59800,1
A28-02-4,146666.7,150333.3,1400,2100,59800,1
A28-03-1,150333.3,154000.0,1400,2100,59800,1
A28-03-2,154000.0,157666.7,1400,2100,59800,1
A28-03-3,157666.7,161333.3,1400,2100,59800,1
A28-03-4,161333.3,165000.0,1400,2100,59800,1
A28-04-1,165000.0,168666.7,2100,2800,59800,1
A28-04-2,168666.7,172333.3,2100,2800,59800,1
A28-04-3,172333.3,176000.0,2100,2800,59800,1
A28-04-4,176000.0,179666.7,2100,2800,59800,1
A28-05-1,179666.7,183333.3,2100,2800,59800,1
A28-05-2,183333.3,187000.0,2100,2800,59800,1
A28-05-3,187000.0,190666.7,2100,2800,59800,1
A28-05-4,190666.7,194333.3,2100,2800,59800,1
A28-06-1,194333.3,198000.0,2100,2800,59800,1
A28-06-2,198000.0,201666.7,2100,2800,59800,1
A28-06-3,201666.7,205333.3,2100,2800,59800,1
A28-06-4,205333.3,209000.0,2100,2800,59800,1
A28-07-1,209000.0,212666.7,2100,2800,59800,1
A28-07-2,212666.7,216333.3,2100,2800,59800,1
A28-07-3,216333.3,220000.0,2100,2800,59800,1
A28-07-4,0,3666.7,0,700,62400,0
A28-08-1,3666.7,7333.3,0,700,62400,0
A28-08-2,7333.3,11000.0,0,700,62400,0
A28-08-3,11000.0,14666.7,0,700,62400,0
A28-08-4,14666.7,18333.3,0,700,62400,0
A28-09-1,18333.3,22000.0,0,700,62400,0
A28-09-2,22000.0,25666.7,0,700,62400,0
A28-09-3,25666.7,29333.3,0,700,62400,0
A28-09-4,29333.3,33000.0,0,700,62400,0
A28-10-1,33000.0,36666.7,0,700,62400,0
A28-10-2,36666.7,40333.3,0,700,62400,0
A28-10-3,40333.3,44000.0,0,700,62400,0
A28-10-4,44000.0,47666.7,0,700,62400,0
A28-11-1,47666.7,51333.3,0,700,62400,0
A28-11-2,51333.3,55000.0,0,700,62400,0
A28-11-3,55000.0,58666.7,700,1400,62400,0
A28-11-4,58666.7,62333.3,700,1400,62400,0
A28-12-1,62333.3,66000.0,700,1400,62400,0
A28-12-2,66000.0,69666.7,700,1400,62400,0
A28-12-3,69666.7,73333.3,700,1400,62400,0
A28-12-4,73333.3,77000.0,700,1400,62400,0
A28-13-1,77000.0,80666.7,700,1400,62400,0
A28-13-2,80666.7,84333.3,700,1400,62400,0
A28-13-3,84333.3,88000.0,700,1400,62400,0
A28-13-4,88000.0,91666.7,700,1400,62400,0
A28-14-1,91666.7,95333.3,700,1400,62400,0
A28-14-2,95333.3,99000.0,700,1400,62400,0
A28-14-3,99000.0,102666.7,700,1400,62400,0
A28-14-4,102666.7,106333.3,700,1400,62400,0
A28-15-1,106333.3,110000.0,700,1400,62400,0
A28-15-2,110000.0,113666.7,1400,2100,62400,0
A28-15-3,113666.7,117333.3,1400,2100,62400,0
A28-15-4,117333.3,121000.0,1400,2100,62400,0
A29-01-2,121000.0,124666.7,1400,2100,62400,0
A29-01-3,124666.7,128333.3,1400,2100,62400,0
A29-01-4,128333.3,132000.0,1400,2100,62400,0
A29-02-1,132000.0,135666.7,1400,2100,62400,0
A29-02-2,135666.7,139333.3,1400,2100,62400,0
A29-02-3,139333.3,143000.0,1400,2100,62400,0
A29-02-4,143000.0,146666.7,1400,2100,62400,0
A29-03-1,146666.7,150333.3,1400,2100,62400,0
A29-03-2,150333.3,154000.0,1400,2100,62400,0
A29-03-3,154000.0,157666.7,1400,2100,62400,0
A29-03-4,157666.7,161333.3,1400,2100,62400,0
A29-04-1,161333.3,165000.0,1400,2100,62400,0
A29-04-2,165000.0,168666.7,2100,2800,62400,0
A29-04-3,168666.7,172333.3,2100,2800,62400,0
A29-04-4,172333.3,176000.0,2100,2800,62400,0
A29-05-1,176000.0,179666.7,2100,2800,62400,0
A29-05-2,179666.7,183333.3,2100,2800,62400,0
A29-05-3,183333.3,187000.0,2100,2800,62400,0
A29-05-4,187000.0,190666.7,2100,2800,62400,0
A29-06-1,190666.7,194333.3,2100,2800,62400,0
A29-06-2,194333.3,198000.0,2100,2800,62400,0
A29-06-3,198000.0,201666.7,2100,2800,62400,0
A29-06-4,201666.7,205333.3,2100,2800,62400,0
A29-07-1,205333.3,209000.0,2100,2800,62400,0
A29-07-2,209000.0,212666.7,2100,2800,62400,0
A29-07-3,212666.7,216333.3,2100,2800,62400,0
A29-07-4,216333.3,220000.0,2100,2800,62400,0
A29-08-1,0,3666.7,0,700,65350,1
A29-08-2,3666.7,7333.3,0,700,65350,1
A29-08-3,7333.3,11000.0,0,700,65350,1
A29-08-4,11000.0,14666.7,0,700,65350,1
A29-09-1,14666.7,18333.3,0,700,65350,1
A29-09-2,18333.3,22000.0,0,700,65350,1
A29-09-3,22000.0,25666.7,0,700,65350,1
A29-09-4,25666.7,29333.3,0,700,65350,1
A29-10-1,29333.3,33000.0,0,700,65350,1
A29-10-2,33000.0,36666.7,0,700,65350,1
A29-10-3,36666.7,40333.3,0,700,65350,1
A29-10-4,40333.3,44000.0,0,700,65350,1
A29-11-1,44000.0,47666.7,0,700,65350,1
A29-11-2,47666.7,51333.3,0,700,65350,1
A29-11-3,51333.3,55000.0,0,700,65350,1
A29-11-4,55000.0,58666.7,700,1400,65350,1
A29-12-1,58666.7,62333.3,700,1400,65350,1
A29-12-2,62333.3,66000.0,700,1400,65350,1
A29-12-3,66000.0,69666.7,700,1400,65350,1
A29-12-4,69666.7,73333.3,700,1400,65350,1
A29-13-1,73333.3,77000.0,700,1400,65350,1
A29-13-2,77000.0,80666.7,700,1400,65350,1
A29-13-3,80666.7,84333.3,700,1400,65350,1
A29-13-4,84333.3,88000.0,700,1400,65350,1
A29-14-1,88000.0,91666.7,700,1400,65350,1
A29-14-2,91666.7,95333.3,700,1400,65350,1
A29-14-3,95333.3,99000.0,700,1400,65350,1
A29-14-4,99000.0,102666.7,700,1400,65350,1
A29-15-1,102666.7,106333.3,700,1400,65350,1
A29-15-2,106333.3,110000.0,700,1400,65350,1
A29-15-3,110000.0,113666.7,1400,2100,65350,1
A29-15-4,113666.7,117333.3,1400,2100,65350,1
A30-01-2,117333.3,121000.0,1400,2100,65350,1
A30-01-3,121000.0,124666.7,1400,2100,65350,1
A30-01-4,124666.7,128333.3,1400,2100,65350,1
A30-02-1,128333.3,132000.0,1400,2100,65350,1
A30-02-2,132000.0,135666.7,1400,2100,65350,1
A30-02-3,135666.7,139333.3,1400,2100,65350,1
A30-02-4,139333.3,143000.0,1400,2100,65350,1
A30-03-1,143000.0,146666.7,1400,2100,65350,1
A30-03-2,146666.7,150333.3,1400,2100,65350,1
A30-03-3,150333.3,154000.0,1400,2100,65350,1
A30-03-4,154000.0,157666.7,1400,2100,65350,1
A30-04-1,157666.7,161333.3,1400,2100,65350,1
A30-04-2,161333.3,165000.0,1400,2100,65350,1
A30-04-3,165000.0,168666.7,2100,2800,65350,1
A30-04-4,168666.7,172333.3,2100,2800,65350,1
A30-05-1,172333.3,176000.0,2100,2800,65350,1
A30-05-2,176000.0,179666.7,2100,2800,65350,1
A30-05-3,179666.7,183333.3,2100,2800,65350,1
A30-05-4,183333.3,187000.0,2100,2800,65350,1
A30-06-1,187000.0,190666.7,2100,2800,65350,1
A30-06-2,190666.7,194333.3,2100,2800,65350,1
A30-06-3,194333.3,198000.0,2100,2800,65350,1
A30-06-4,198000.0,201666.7,2100,2800,65350,1
A30-07-1,201666.7,205333.3,2100,2800,65350,1
A30-07-2,205333.3,209000.0,2100,2800,65350,1
A30-07-3,209000.0,212666.7,2100,2800,65350,1
A30-07-4,212666.7,216333.3,2100,2800,65350,1
A30-08-1,216333.3,220000.0,2100,2800,65350,1
A30-08-2,0,3666.7,0,700,67750,0
A30-08-3,3666.7,7333.3,0,700,67750,0
A30-08-4,7333.3,11000.0,0,700,67750,0
A30-09-1,11000.0,14666.7,0,700,67750,0
A30-09-2,14666.7,18333.3,0,700,67750,0
A30-09-3,18333.3,22000.0,0,700,67750,0
A30-09-4,22000.0,25666.7,0,700,67750,0
A30-10-1,25666.7,29333.3,0,700,67750,0
A30-10-2,29333.3,33000.0,0,700,67750,0
A30-10-3,33000.0,36666.7,0,700,67750,0
A30-10-4,36666.7,40333.3,0,700,67750,0
A30-11-1,40333.3,44000.0,0,700,67750,0
A30-11-2,44000.0,47666.7,0,700,67750,0
A30-11-3,47666.7,51333.3,0,700,67750,0
A30-11-4,51333.3,55000.0,0,700,67750,0
A30-12-1,55000.0,58666.7,700,1400,67750,0
A30-12-2,58666.7,62333.3,700,1400,67750,0
A30-12-3,62333.3,66000.0,700,1400,67750,0
A30-12-4,66000.0,69666.7,700,1400,67750,0
A30-13-1,69666.7,73333.3,700,1400,67750,0
A30-13-2,73333.3,77000.0,700,1400,67750,0
A30-13-3,77000.0,80666.7,700,1400,67750,0
A30-13-4,80666.7,84333.3,700,1400,67750,0
A30-14-1,84333.3,88000.0,700,1400,67750,0
A30-14-2,88000.0,91666.7,700,1400,67750,0
A30-14-3,91666.7,95333.3,700,1400,67750,0
A30-14-4,95333.3,99000.0,700,1400,67750,0
A30-15-1,99000.0,102666.7,700,1400,67750,0
A30-15-2,102666.7,106333.3,700,1400,67750,0
A30-15-3,106333.3,110000.0,700,1400,67750,0
A30-15-4,110000.0,113666.7,1400,2100,67750,0
A31-01-2,113666.7,117333.3,1400,2100,67750,0
A31-01-3,117333.3,121000.0,1400,2100,67750,0
A31-01-4,121000.0,124666.7,1400,2100,67750,0
A31-02-1,124666.7,128333.3,1400,2100,67750,0
A31-02-2,128333.3,132000.0,1400,2100,67750,0
A31-02-3,132000.0,135666.7,1400,2100,67750,0
A31-02-4,135666.7,139333.3,1400,2100,67750,0
A31-03-1,139333.3,143000.0,1400,2100,67750,0
A31-03-2,143000.0,146666.7,1400,2100,67750,0
A31-03-3,146666.7,150333.3,1400,2100,67750,0
A31-03-4,150333.3,154000.0,1400,2100,67750,0
A31-04-1,154000.0,157666.7,1400,2100,67750,0
A31-04-2,157666.7,161333.3,1400,2100,67750,0
A31-04-3,161333.3,165000.0,1400,2100,67750,0
A31-04-4,165000.0,168666.7,2100,2800,67750,0
A31-05-1,168666.7,172333.3,2100,2800,67750,0
A31-05-2,172333.3,176000.0,2100,2800,67750,0
A31-05-3,176000.0,179666.7,2100,2800,67750,0
A31-05-4,179666.7,183333.3,2100,2800,67750,0
A31-06-1,183333.3,187000.0,2100,2800,67750,0
A31-06-2,187000.0,190666.7,2100,2800,67750,0
A31-06-3,190666.7,194333.3,2100,2800,67750,0
A31-06-4,194333.3,198000.0,2100,2800,67750,0
A31-07-1,198000.0,201666.7,2100,2800,67750,0
A31-07-2,201666.7,205333.3,2100,2800,67750,0
A31-07-3,205333.3,209000.0,2100,2800,67750,0
A31-07-4,209000.0,212666.7,2100,2800,67750,0
A31-08-1,212666.7,216333.3,2100,2800,67750,0
A31-08-2,216333.3,220000.0,2100,2800,67750,0
A31-08-3,0,3666.7,0,700,70700,1
A31-08-4,3666.7,7333.3,0,700,70700,1
A31-09-1,7333.3,11000.0,0,700,70700,1
A31-09-2,11000.0,14666.7,0,700,70700,1
A31-09-3,14666.7,18333.3,0,700,70700,1
A31-09-4,18333.3,22000.0,0,700,70700,1
A31-10-1,22000.0,25666.7,0,700,70700,1
A31-10-2,25666.7,29333.3,0,700,70700,1
A31-10-3,29333.3,33000.0,0,700,70700,1
A31-10-4,33000.0,36666.7,0,700,70700,1
A31-11-1,36666.7,40333.3,0,700,70700,1
A31-11-2,40333.3,44000.0,0,700,70700,1
A31-11-3,44000.0,47666.7,0,700,70700,1
A31-11-4,47666.7,51333.3,0,700,70700,1
A31-12-1,51333.3,55000.0,0,700,70700,1
A31-12-2,55000.0,58666.7,700,1400,70700,1
A31-12-3,58666.7,62333.3,700,1400,70700,1
A31-12-4,62333.3,66000.0,700,1400,70700,1
A31-13-1,66000.0,69666.7,700,1400,70700,1
A31-13-2,69666.7,73333.3,700,1400,70700,1
A31-13-3,73333.3,77000.0,700,1400,70700,1
A31-13-4,77000.0,80666.7,700,1400,70700,1
A31-14-1,80666.7,84333.3,700,1400,70700,1
A31-14-2,84333.3,88000.0,700,1400,70700,1
A31-14-3,88000.0,91666.7,700,1400,70700,1
A31-14-4,91666.7,95333.3,700,1400,70700,1
A31-15-1,95333.3,99000.0,700,1400,70700,1
A31-15-2,99000.0,102666.7,700,1400,70700,1
A31-15-3,102666.7,106333.3,700,1400,70700,1
A31-15-4,106333.3,110000.0,700,1400,70700,1
A32-01-2,110000.0,113666.7,1400,2100,70700,1
A32-01-3,113666.7,117333.3,1400,2100,70700,1
A32-01-4,117333.3,121000.0,1400,2100,70700,1
A32-02-1,121000.0,124666.7,1400,2100,70700,1
A32-02-2,124666.7,128333.3,1400,2100,70700,1
A32-02-3,128333.3,132000.0,1400,2100,70700,1
A32-02-4,132000.0,135666.7,1400,2100,70700,1
A32-03-1,135666.7,139333.3,1400,2100,70700,1
A32-03-2,139333.3,143000.0,1400,2100,70700,1
A32-03-3,143000.0,146666.7,1400,2100,70700,1
A32-03-4,146666.7,150333.3,1400,2100,70700,1
A32-04-1,150333.3,154000.0,1400,2100,70700,1
A32-04-2,154000.0,157666.7,1400,2100,70700,1
A32-04-3,157666.7,161333.3,1400,2100,70700,1
A32-04-4,161333.3,165000.0,1400,2100,70700,1
A32-05-1,165000.0,168666.7,2100,2800,70700,1
A32-05-2,168666.7,172333.3,2100,2800,70700,1
A32-05-3,172333.3,176000.0,2100,2800,70700,1
A32-05-4,176000.0,179666.7,2100,2800,70700,1
A32-06-1,179666.7,183333.3,2100,2800,70700,1
A32-06-2,183333.3,187000.0,2100,2800,70700,1
A32-06-3,187000.0,190666.7,2100,2800,70700,1
A32-06-4,190666.7,194333.3,2100,2800,70700,1
A32-07-1,194333.3,198000.0,2100,2800,70700,1
A32-07-2,198000.0,201666.7,2100,2800,70700,1
A32-07-3,201666.7,205333.3,2100,2800,70700,1
A32-07-4,205333.3,209000.0,2100,2800,70700,1
A32-08-1,209000.0,212666.7,2100,2800,70700,1
A32-08-2,212666.7,216333.3,2100,2800,70700,1
A32-08-3,216333.3,220000.0,2100,2800,70700,1
A32-08-4,0,3666.7,0,700,73300,0
A32-09-1,3666.7,7333.3,0,700,73300,0
A32-09-2,7333.3,11000.0,0,700,73300,0
A32-09-3,11000.0,14666.7,0,700,73300,0
A32-09-4,14666.7,18333.3,0,700,73300,0
A32-10-1,18333.3,22000.0,0,700,73300,0
A32-10-2,22000.0,25666.7,0,700,73300,0
A32-10-3,25666.7,29333.3,0,700,73300,0
A32-10-4,29333.3,33000.0,0,700,73300,0
A32-11-1,33000.0,36666.7,0,700,73300,0
A32-11-2,36666.7,40333.3,0,700,73300,0
A32-11-3,40333.3,44000.0,0,700,73300,0
A32-11-4,44000.0,47666.7,0,700,73300,0
A32-12-1,47666.7,51333.3,0,700,73300,0
A32-12-2,51333.3,55000.0,0,700,73300,0
A32-12-3,55000.0,58666.7,700,1400,73300,0
A32-12-4,58666.7,62333.3,700,1400,73300,0
A32-13-1,62333.3,66000.0,700,1400,73300,0
A32-13-2,66000.0,69666.7,700,1400,73300,0
A32-13-3,69666.7,73333.3,700,1400,73300,0
A32-13-4,73333.3,77000.0,700,1400,73300,0
A32-14-1,77000.0,80666.7,700,1400,73300,0
A32-14-2,80666.7,84333.3,700,1400,73300,0
A32-14-3,84333.3,88000.0,700,1400,73300,0
A32-14-4,88000.0,91666.7,700,1400,73300,0
A32-15-1,91666.7,95333.3,700,1400,73300,0
A32-15-2,95333.3,99000.0,700,1400,73300,0
A32-15-3,99000.0,102666.7,700,1400,73300,0
A32-15-4,102666.7,106333.3,700,1400,73300,0
A33-01-2,106333.3,110000.0,700,1400,73300,0
A33-01-3,110000.0,113666.7,1400,2100,73300,0
A33-01-4,113666.7,117333.3,1400,2100,73300,0
A33-02-1,117333.3,121000.0,1400,2100,73300,0
A33-02-2,121000.0,124666.7,1400,2100,73300,0
A33-02-3,124666.7,128333.3,1400,2100,73300,0
A33-02-4,128333.3,132000.0,1400,2100,73300,0
A33-03-1,132000.0,135666.7,1400,2100,73300,0
A33-03-2,135666.7,139333.3,1400,2100,73300,0
A33-03-3,139333.3,143000.0,1400,2100,73300,0
A33-03-4,143000.0,146666.7,1400,2100,73300,0
A33-04-1,146666.7,150333.3,1400,2100,73300,0
A33-04-2,150333.3,154000.0,1400,2100,73300,0
A33-04-3,154000.0,157666.7,1400,2100,73300,0
A33-04-4,157666.7,161333.3,1400,2100,73300,0
A33-05-1,161333.3,165000.0,1400,2100,73300,0
A33-05-2,165000.0,168666.7,2100,2800,73300,0
A33-05-3,168666.7,172333.3,2100,2800,73300,0
A33-05-4,172333.3,176000.0,2100,2800,73300,0
A33-06-1,176000.0,179666.7,2100,2800,73300,0
A33-06-2,179666.7,183333.3,2100,2800,73300,0
A33-06-3,183333.3,187000.0,2100,2800,73300,0
A33-06-4,187000.0,190666.7,2100,2800,73300,0
A33-07-1,190666.7,194333.3,2100,2800,73300,0
A33-07-2,194333.3,198000.0,2100,2800,73300,0
A33-07-3,198000.0,201666.7,2100,2800,73300,0
A33-07-4,201666.7,205333.3,2100,2800,73300,0
A33-08-1,205333.3,209000.0,2100,2800,73300,0
A33-08-2,209000.0,212666.7,2100,2800,73300,0
A33-08-3,212666.7,216333.3,2100,2800,73300,0
A33-08-4,216333.3,220000.0,2100,2800,73300,0
A33-09-1,0,3666.7,0,700,76250,1
A33-09-2,3666.7,7333.3,0,700,76250,1
A33-09-3,7333.3,11000.0,0,700,76250,1
A33-09-4,11000.0,14666.7,0,700,76250,1
A33-10-1,14666.7,18333.3,0,700,76250,1
A33-10-2,18333.3,22000.0,0,700,76250,1
A33-10-3,22000.0,25666.7,0,700,76250,1
A33-10-4,25666.7,29333.3,0,700,76250,1
A33-11-1,29333.3,33000.0,0,700,76250,1
A33-11-2,33000.0,36666.7,0,700,76250,1
A33-11-3,36666.7,40333.3,0,700,76250,1
A33-11-4,40333.3,44000.0,0,700,76250,1
A33-12-1,44000.0,47666.7,0,700,76250,1
A33-12-2,47666.7,51333.3,0,700,76250,1
A33-12-3,51333.3,55000.0,0,700,76250,1
A33-12-4,55000.0,58666.7,700,1400,76250,1
A33-13-1,58666.7,62333.3,700,1400,76250,1
A33-13-2,62333.3,66000.0,700,1400,76250,1
A33-13-3,66000.0,69666.7,700,1400,76250,1
A33-13-4,69666.7,73333.3,700,1400,76250,1
A33-14-1,73333.3,77000.0,700,1400,76250,1
A33-14-2,77000.0,80666.7,700,1400,76250,1
A33-14-3,80666.7,84333.3,700,1400,76250,1
A33-14-4,84333.3,88000.0,700,1400,76250,1
A33-15-1,88000.0,91666.7,700,1400,76250,1
A33-15-2,91666.7,95333.3,700,1400,76250,1
A33-15-3,95333.3,99000.0,700,1400,76250,1
A33-15-4,99000.0,102666.7,700,1400,76250,1
A34-01-2,102666.7,106333.3,700,1400,76250,1
A34-01-3,106333.3,110000.0,700,1400,76250,1
A34-01-4,110000.0,113666.7,1400,2100,76250,1
A34-02-1,113666.7,117333.3,1400,2100,76250,1
A34-02-2,117333.3,121000.0,1400,2100,76250,1
A34-02-3,121000.0,124666.7,1400,2100,76250,1
A34-02-4,124666.7,128333.3,1400,2100,76250,1
A34-03-1,128333.3,132000.0,1400,2100,76250,1
A34-03-2,132000.0,135666.7,1400,2100,76250,1
A34-03-3,135666.7,139333.3,1400,2100,76250,1
A34-03-4,139333.3,143000.0,1400,2100,76250,1
A34-04-1,143000.0,146666.7,1400,2100,76250,1
A34-04-2,146666.7,150333.3,1400,2100,76250,1
A34-04-3,150333.3,154000.0,1400,2100,76250,1
A34-04-4,154000.0,157666.7,1400,2100,76250,1
A34-05-1,157666.7,161333.3,1400,2100,76250,1
A34-05-2,161333.3,165000.0,1400,2100,76250,1
A34-05-3,165000.0,168666.7,2100,2800,76250,1
A34-05-4,168666.7,172333.3,2100,2800,76250,1
A34-06-1,172333.3,176000.0,2100,2800,76250,1
A34-06-2,176000.0,179666.7,2100,2800,76250,1
A34-06-3,179666.7,183333.3,2100,2800,76250,1
A34-06-4,183333.3,187000.0,2100,2800,76250,1
A34-07-1,187000.0,190666.7,2100,2800,76250,1
A34-07-2,190666.7,194333.3,2100,2800,76250,1
A34-07-3,194333.3,198000.0,2100,2800,76250,1
A34-07-4,198000.0,201666.7,2100,2800,76250,1
A34-08-1,201666.7,205333.3,2100,2800,76250,1
A34-08-2,205333.3,209000.0,2100,2800,76250,1
A34-08-3,209000.0,212666.7,2100,2800,76250,1
A34-08-4,212666.7,216333.3,2100,2800,76250,1
A34-09-1,216333.3,220000.0,2100,2800,76250,1
A34-09-2,0,3666.7,0,700,78650,0
A34-09-3,3666.7,7333.3,0,700,78650,0
A34-09-4,7333.3,11000.0,0,700,78650,0
A34-10-1,11000.0,14666.7,0,700,78650,0
A34-10-2,14666.7,18333.3,0,700,78650,0
A34-10-3,18333.3,22000.0,0,700,78650,0
A34-10-4,22000.0,25666.7,0,700,78650,0
A34-11-1,25666.7,29333.3,0,700,78650,0
A34-11-2,29333.3,33000.0,0,700,78650,0
A34-11-3,33000.0,36666.7,0,700,78650,0
A34-11-4,36666.7,40333.3,0,700,78650,0
A34-12-1,40333.3,44000.0,0,700,78650,0
A34-12-2,44000.0,47666.7,0,700,78650,0
A34-12-3,47666.7,51333.3,0,700,78650,0
A34-12-4,51333.3,55000.0,0,700,78650,0
A34-13-1,55000.0,58666.7,700,1400,78650,0
A34-13-2,58666.7,62333.3,700,1400,78650,0
A34-13-3,62333.3,66000.0,700,1400,78650,0
A34-13-4,66000.0,69666.7,700,1400,78650,0
A34-14-1,69666.7,73333.3,700,1400,78650,0
A34-14-2,73333.3,77000.0,700,1400,78650,0
A34-14-3,77000.0,80666.7,700,1400,78650,0
A34-14-4,80666.7,84333.3,700,1400,78650,0
A34-15-1,84333.3,88000.0,700,1400,78650,0
A34-15-2,88000.0,91666.7,700,1400,78650,0
A34-15-3,91666.7,95333.3,700,1400,78650,0
A34-15-4,95333.3,99000.0,700,1400,78650,0
A35-01-2,99000.0,102666.7,700,1400,78650,0
A35-01-3,102666.7,106333.3,700,1400,78650,0
A35-01-4,106333.3,110000.0,700,1400,78650,0
A35-02-1,110000.0,113666.7,1400,2100,78650,0
A35-02-2,113666.7,117333.3,1400,2100,78650,0
A35-02-3,117333.3,121000.0,1400,2100,78650,0
A35-02-4,121000.0,124666.7,1400,2100,78650,0
A35-03-1,124666.7,128333.3,1400,2100,78650,0
A35-03-2,128333.3,132000.0,1400,2100,78650,0
A35-03-3,132000.0,135666.7,1400,2100,78650,0
A35-03-4,135666.7,139333.3,1400,2100,78650,0
A35-04-1,139333.3,143000.0,1400,2100,78650,0
A35-04-2,143000.0,146666.7,1400,2100,78650,0
A35-04-3,146666.7,150333.3,1400,2100,78650,0
A35-04-4,150333.3,154000.0,1400,2100,78650,0
A35-05-1,154000.0,157666.7,1400,2100,78650,0
A35-05-2,157666.7,161333.3,1400,2100,78650,0
A35-05-3,161333.3,165000.0,1400,2100,78650,0
A35-05-4,165000.0,168666.7,2100,2800,78650,0
A35-06-1,168666.7,172333.3,2100,2800,78650,0
A35-06-2,172333.3,176000.0,2100,2800,78650,0
A35-06-3,176000.0,179666.7,2100,2800,78650,0
A35-06-4,179666.7,183333.3,2100,2800,78650,0
A35-07-1,183333.3,187000.0,2100,2800,78650,0
A35-07-2,187000.0,190666.7,2100,2800,78650,0
A35-07-3,190666.7,194333.3,2100,2800,78650,0
A35-07-4,194333.3,198000.0,2100,2800,78650,0
A35-08-1,198000.0,201666.7,2100,2800,78650,0
A35-08-2,201666.7,205333.3,2100,2800,78650,0
A35-08-3,205333.3,209000.0,2100,2800,78650,0
A35-08-4,209000.0,212666.7,2100,2800,78650,0
A35-09-1,212666.7,216333.3,2100,2800,78650,0
A35-09-2,216333.3,220000.0,2100,2800,78650,0
A35-09-3,0,3666.7,0,700,81600,1
A35-09-4,3666.7,7333.3,0,700,81600,1
A35-10-1,7333.3,11000.0,0,700,81600,1
A35-10-2,11000.0,14666.7,0,700,81600,1
A35-10-3,14666.7,18333.3,0,700,81600,1
A35-10-4,18333.3,22000.0,0,700,81600,1
A35-11-1,22000.0,25666.7,0,700,81600,1
A35-11-2,25666.7,29333.3,0,700,81600,1
A35-11-3,29333.3,33000.0,0,700,81600,1
A35-11-4,33000.0,36666.7,0,700,81600,1
A35-12-1,36666.7,40333.3,0,700,81600,1
A35-12-2,40333.3,44000.0,0,700,81600,1
A35-12-3,44000.0,47666.7,0,700,81600,1
A35-12-4,47666.7,51333.3,0,700,81600,1
A35-13-1,51333.3,55000.0,0,700,81600,1
A35-13-2,55000.0,58666.7,700,1400,81600,1
A35-13-3,58666.7,62333.3,700,1400,81600,1
A35-13-4,62333.3,66000.0,700,1400,81600,1
A35-14-1,66000.0,69666.7,700,1400,81600,1
A35-14-2,69666.7,73333.3,700,1400,81600,1
A35-14-3,73333.3,77000.0,700,1400,81600,1
A35-14-4,77000.0,80666.7,700,1400,81600,1
A35-15-1,80666.7,84333.3,700,1400,81600,1
A35-15-2,84333.3,88000.0,700,1400,81600,1
A35-15-3,88000.0,91666.7,700,1400,81600,1
A35-15-4,91666.7,95333.3,700,1400,81600,1
A36-01-2,95333.3,99000.0,700,1400,81600,1
A36-01-3,99000.0,102666.7,700,1400,81600,1
A36-01-4,102666.7,106333.3,700,1400,81600,1
A36-02-1,106333.3,110000.0,700,1400,81600,1
A36-02-2,110000.0,113666.7,1400,2100,81600,1
A36-02-3,113666.7,117333.3,1400,2100,81600,1
A36-02-4,117333.3,121000.0,1400,2100,81600,1
A36-03-1,121000.0,124666.7,1400,2100,81600,1
A36-03-2,124666.7,128333.3,1400,2100,81600,1
A36-03-3,128333.3,132000.0,1400,2100,81600,1
A36-03-4,132000.0,135666.7,1400,2100,81600,1
A36-04-1,135666.7,139333.3,1400,2100,81600,1
A36-04-2,139333.3,143000.0,1400,2100,81600,1
A36-04-3,143000.0,146666.7,1400,2100,81600,1
A36-04-4,146666.7,150333.3,1400,2100,81600,1
A36-05-1,150333.3,154000.0,1400,2100,81600,1
A36-05-2,154000.0,157666.7,1400,2100,81600,1
A36-05-3,157666.7,161333.3,1400,2100,81600,1
A36-05-4,161333.3,165000.0,1400,2100,81600,1
A36-06-1,165000.0,168666.7,2100,2800,81600,1
A36-06-2,168666.7,172333.3,2100,2800,81600,1
A36-06-3,172333.3,176000.0,2100,2800,81600,1
A36-06-4,176000.0,179666.7,2100,2800,81600,1
A36-07-1,179666.7,183333.3,2100,2800,81600,1
A36-07-2,183333.3,187000.0,2100,2800,81600,1
A36-07-3,187000.0,190666.7,2100,2800,81600,1
A36-07-4,190666.7,194333.3,2100,2800,81600,1
A36-08-1,194333.3,198000.0,2100,2800,81600,1
A36-08-2,198000.0,201666.7,2100,2800,81600,1
A36-08-3,201666.7,205333.3,2100,2800,81600,1
A36-08-4,205333.3,209000.0,2100,2800,81600,1
A36-09-1,209000.0,212666.7,2100,2800,81600,1
A36-09-2,212666.7,216333.3,2100,2800,81600,1
A36-09-3,216333.3,220000.0,2100,2800,81600,1
A36-09-4,0,3666.7,0,700,84200,0
A36-10-1,3666.7,7333.3,0,700,84200,0
A36-10-2,7333.3,11000.0,0,700,84200,0
A36-10-3,11000.0,14666.7,0,700,84200,0
A36-10-4,14666.7,18333.3,0,700,84200,0
A36-11-1,18333.3,22000.0,0,700,84200,0
A36-11-2,22000.0,25666.7,0,700,84200,0
A36-11-3,25666.7,29333.3,0,700,84200,0
A36-11-4,29333.3,33000.0,0,700,84200,0
A36-12-1,33000.0,36666.7,0,700,84200,0
A36-12-2,36666.7,40333.3,0,700,84200,0
A36-12-3,40333.3,44000.0,0,700,84200,0
A36-12-4,44000.0,47666.7,0,700,84200,0
A36-13-1,47666.7,51333.3,0,700,84200,0
A36-13-2,51333.3,55000.0,0,700,84200,0
A36-13-3,55000.0,58666.7,700,1400,84200,0
A36-13-4,58666.7,62333.3,700,1400,84200,0
A36-14-1,62333.3,66000.0,700,1400,84200,0
A36-14-2,66000.0,69666.7,700,1400,84200,0
A36-14-3,69666.7,73333.3,700,1400,84200,0
A36-14-4,73333.3,77000.0,700,1400,84200,0
A36-15-1,77000.0,80666.7,700,1400,84200,0
A36-15-2,80666.7,84333.3,700,1400,84200,0
A36-15-3,84333.3,88000.0,700,1400,84200,0
A36-15-4,88000.0,91666.7,700,1400,84200,0
A37-01-2,91666.7,95333.3,700,1400,84200,0
A37-01-3,95333.3,99000.0,700,1400,84200,0
A37-01-4,99000.0,102666.7,700,1400,84200,0
A37-02-1,102666.7,106333.3,700,1400,84200,0
A37-02-2,106333.3,110000.0,700,1400,84200,0
A37-02-3,110000.0,113666.7,1400,2100,84200,0
A37-02-4,113666.7,117333.3,1400,2100,84200,0
A37-03-1,117333.3,121000.0,1400,2100,84200,0
A37-03-2,121000.0,124666.7,1400,2100,84200,0
A37-03-3,124666.7,128333.3,1400,2100,84200,0
A37-03-4,128333.3,132000.0,1400,2100,84200,0
A37-04-1,132000.0,135666.7,1400,2100,84200,0
A37-04-2,135666.7,139333.3,1400,2100,84200,0
A37-04-3,139333.3,143000.0,1400,2100,84200,0
A37-04-4,143000.0,146666.7,1400,2100,84200,0
A37-05-1,146666.7,150333.3,1400,2100,84200,0
A37-05-2,150333.3,154000.0,1400,2100,84200,0
A37-05-3,154000.0,157666.7,1400,2100,84200,0
A37-05-4,157666.7,161333.3,1400,2100,84200,0
A37-06-1,161333.3,165000.0,1400,2100,84200,0
A37-06-2,165000.0,168666.7,2100,2800,84200,0
A37-06-3,168666.7,172333.3,2100,2800,84200,0
A37-06-4,172333.3,176000.0,2100,2800,84200,0
A37-07-1,176000.0,179666.7,2100,2800,84200,0
A37-07-2,179666.7,183333.3,2100,2800,84200,0
A37-07-3,183333.3,187000.0,2100,2800,84200,0
A37-07-4,187000.0,190666.7,2100,2800,84200,0
A37-08-1,190666.7,194333.3,2100,2800,84200,0
A37-08-2,194333.3,198000.0,2100,2800,84200,0
A37-08-3,198000.0,201666.7,2100,2800,84200,0
A37-08-4,201666.7,205333.3,2100,2800,84200,0
A37-09-1,205333.3,209000.0,2100,2800,84200,0
A37-09-2,209000.0,212666.7,2100,2800,84200,0
A37-09-3,212666.7,216333.3,2100,2800,84200,0
A37-09-4,216333.3,220000.0,2100,2800,84200,0